LCM455,500,3,Labial Color Carmin Mate MAC Labial color carmin que te dejara un acabado mate,15,Belleza
MPN560,500,6,Mascara de pestanas Una mascara de pestañas duradera y que aporta vitamina E ,12,Belleza
PSM654,689,7,Paleta de Sombras MAC Paleta con colores calidos,10,Belleza
SP3017,70,22,Shampoo Pantene Para reparación de puntas abiertas,15,Higiene personal
PDC128,35,15,Pasta dental Colgate Para una sonrisa de comercial,12,Higiene personal
CDC551,25,11,Cepillo de diente Colgate Cepillo con cerdas suaves,13,Higiene personal
PSC075,30000,6,Pantalla Samsung Curva 75' Pantalla Curva para que no se vean los pixeles,20,Tecnologia
SIPM13,35000,4,SmarthPhone iPhone 13 Pro Max 64GB El mejor iPhone del mercado,2,Tecnologia
TH0172,22000,8,Tableta Huawei 17' La mejor tableta para el regreso a clases,15,Tecnologia
CCL073,20,20,Cloro Cloralex 1l Elimina 99.9% de virus y bacterias,20,Limpieza del Hogar
LFA674,45,14,Limpiador líquido Fabuloso Fragancia concentrada intensa y duradera,15,Limpieza del Hogar
HLB124,30,17,Harpic limpiador de Baños Quita marcas de sarro en el baño,17,Limpieza del Hogar
