DROP SCHEMA IF EXISTS public CASCADE;
CREATE SCHEMA public;

CREATE TABLE persona(
	curp CHAR(18) NOT NULL CHECK(CHAR_LENGTH(curp) = 18) UNIQUE,
	curpSupervisor CHAR(18) CHECK(CHAR_LENGTH(curp) = 18),
	nombre VARCHAR(50) NOT NULL CHECK(nombre <> ''),
	apellidoPaterno VARCHAR(50) NOT NULL CHECK(apellidoPaterno <> ''),
	apellidoMaterno VARCHAR(50) NOT NULL CHECK(apellidoMaterno <> ''),
	genero CHAR(1) NOT NULL CHECK(genero <> ''),
	fechaNacimiento DATE NOT NULL,
	calle VARCHAR(50) NOT NULL CHECK(calle <> ''),
	codigoPostal INT NOT NULL CHECK(codigoPostal between 1000 and 99999), 
	estado VARCHAR(50) NOT NULL CHECK(estado <> ''),
	municipio VARCHAR(50) NOT NULL CHECK(municipio <> ''),
	numero INT NOT NULL,
	contrasenia VARCHAR(50) CHECK(contrasenia <> ''),
	email VARCHAR(50) CHECK(email <> ''),
	horaSalida TIME,
	horaEntrada TIME,
	calificacion REAL CHECK (calificacion between 0 and 5),
	numEnvios BIGINT CHECK (numEnvios >=0),
	esCliente BOOLEAN NOT NULL,
	esRepartidor BOOLEAN NOT NULL,
	PRIMARY KEY(curp)
);
COMMENT ON TABLE persona IS 'Tabla que se encarga de guardar todos los datos de una persona, que puede ser un cliente y/o un repartidor.';
COMMENT ON COLUMN persona.curp IS 'La CURP de la persona, el identificador.';
COMMENT ON COLUMN persona.curpSupervisor IS 'Si es un repartidor, la CURP de su supervisor.';
COMMENT ON COLUMN persona.nombre IS 'El nombre o nombres de la persona.';
COMMENT ON COLUMN persona.apellidoPaterno IS 'El apellido paterno de la persona.';
COMMENT ON COLUMN persona.apellidoMaterno IS 'El apellido materno de la persona.';
COMMENT ON COLUMN persona.genero IS 'El género de la persona, puede ser M o F.';
COMMENT ON COLUMN persona.fechaNacimiento IS 'La fecha de nacimiento de la persona.';
COMMENT ON COLUMN persona.calle IS 'La calle donde vive la persona.';
COMMENT ON COLUMN persona.codigoPostal IS 'El código postal de la dirección de la persona.';
COMMENT ON COLUMN persona.estado IS 'El estado donde vive la persona.';
COMMENT ON COLUMN persona.municipio IS 'El municipio donde vive la persona.';
COMMENT ON COLUMN persona.numero IS 'El número de casa donde vive la persona.';
COMMENT ON COLUMN persona.contrasenia IS 'Si es un cliente la contraseña de la persona.';
COMMENT ON COLUMN persona.email IS 'Si es un cliente su correo electrónico.';
COMMENT ON COLUMN persona.horaSalida IS 'Si es un repartidor su hora de salida.';
COMMENT ON COLUMN persona.horaEntrada IS 'Si es un repartidor su hora de entrada.';
COMMENT ON COLUMN persona.calificacion IS 'Si es un repartidor su calificación.';
COMMENT ON COLUMN persona.numEnvios IS 'Si es un repartidor el número de envíos realizado.';
COMMENT ON COLUMN persona.esCliente IS 'Booleano para saber si la persona es un cliente.';
COMMENT ON COLUMN persona.esRepartidor IS 'Booleano para saber si la persona es un repartidor.';

CREATE TABLE efectivo(
	idDinero CHAR(18) NOT NULL CHECK(CHAR_LENGTH(idDinero) = 18) UNIQUE,
	curp CHAR(18) NOT NULL CHECK(CHAR_LENGTH(curp) = 18),
	monto MONEY NOT NULL,
	PRIMARY KEY(idDinero),
	FOREIGN KEY (curp) REFERENCES persona(curp) ON UPDATE CASCADE ON DELETE NO ACTION
);
COMMENT ON TABLE efectivo IS 'datos del efectivo ';
COMMENT ON COLUMN efectivo.idDinero IS 'identificador del dinero ';
COMMENT ON COLUMN efectivo.curp IS 'curp de la persona';
COMMENT ON COLUMN efectivo.monto IS 'monto del dinero en efectivo ';


CREATE TABLE tarjeta(
	numero CHAR(16) NOT NULL CHECK(CHAR_LENGTH(numero) = 16) UNIQUE,
	curp CHAR(18) NOT NULL CHECK(CHAR_LENGTH(curp) = 18),
	titular VARCHAR(50) CHECK(titular <> ''), 
	vencimiento DATE NOT NULL,
	ccv INT CHECK (ccv between 0 and 999),
	tipo VARCHAR(20) CHECK(tipo <> ''),
	PRIMARY KEY(numero),
	FOREIGN KEY (curp) REFERENCES persona(curp) ON UPDATE CASCADE ON DELETE NO ACTION
);

COMMENT ON TABLE tarjeta IS 'los datos de la tarjeta ';
COMMENT ON COLUMN tarjeta.numero IS 'numero de la tarjeta ';
COMMENT ON COLUMN tarjeta.curp IS 'curp de la persona';
COMMENT ON COLUMN tarjeta.titular IS 'nombre del titular de la tarjeta ';
COMMENT ON COLUMN tarjeta.vencimiento IS 'fecha del vencimiento de la tarjeta';
COMMENT ON COLUMN tarjeta.ccv IS 'ccv de la tarjeta';
COMMENT ON COLUMN tarjeta.tipo IS 'tiepo de tarjeta que es';

CREATE TABLE pedido(
	idPedido CHAR(18) NOT NULL CHECK(CHAR_LENGTH(idPedido) = 18) UNIQUE, 
	curp CHAR(18) NOT NULL CHECK(CHAR_LENGTH(curp) = 18),
	fecha DATE NOT NULL,
	hora TIME NOT NULL,
	PRIMARY KEY(idPedido),
	FOREIGN KEY (curp) REFERENCES persona(curp) ON UPDATE CASCADE ON DELETE NO ACTION
);

COMMENT ON TABLE pedido IS 'datos del pedido ';
COMMENT ON COLUMN pedido.idPedido IS 'identificador del pedido ';
COMMENT ON COLUMN pedido.curp IS 'curp de la persona';
COMMENT ON COLUMN pedido.fecha IS 'fecha del pedido ';
COMMENT ON COLUMN pedido.hora IS 'hora del pedido';


CREATE TABLE express(
	idEnvio CHAR(18) NOT NULL CHECK(CHAR_LENGTH(idEnvio) = 18) UNIQUE,
	idPedido CHAR(18) NOT NULL CHECK(CHAR_LENGTH(idPedido) = 18),
	curp CHAR(18) NOT NULL CHECK(CHAR_LENGTH(curp) = 18),
	hora TIME NOT NULL,
	fecha DATE NOT NULL,
	costoExtra MONEY NOT NULL,
	tiempo TIME NOT NULL,
	estatus CHAR(15) NOT NULL,
	PRIMARY KEY(idEnvio), 
	FOREIGN KEY (idPedido) REFERENCES pedido(idPedido) ON UPDATE CASCADE ON DELETE NO ACTION, 
	FOREIGN KEY (curp) REFERENCES persona(curp) ON UPDATE CASCADE ON DELETE NO ACTION
);

COMMENT ON TABLE express IS 'Pedido con envío express';
COMMENT ON COLUMN express.idEnvio IS 'identificador del envío';
COMMENT ON COLUMN express.idPedido IS 'identificador del pedido';
COMMENT ON COLUMN express.curp IS 'curp de la persona';
COMMENT ON COLUMN express.hora IS 'hora en la que se realiza el pedido';
COMMENT ON COLUMN express.fecha IS 'fecha en la que se realiza el pedido';
COMMENT ON COLUMN express.costoExtra IS 'costo extra que se realiza el pedido';
COMMENT ON COLUMN express.tiempo IS 'tiempo que esta tardando el pedido';
COMMENT ON COLUMN express.estatus IS 'estado en el que se encuentra el pedido';


CREATE TABLE normal(
	idEnvio CHAR(18) NOT NULL CHECK(CHAR_LENGTH(idEnvio) = 18) UNIQUE,
	idPedido CHAR(18) NOT NULL CHECK(CHAR_LENGTH(idPedido) = 18),
	curp CHAR(18) NOT NULL CHECK(CHAR_LENGTH(curp) = 18),
	hora TIME NOT NULL,
	fecha DATE NOT NULL,
	estatus CHAR(15) NOT NULL,
	PRIMARY KEY(idEnvio), 
	FOREIGN KEY (idPedido) REFERENCES pedido(idPedido) ON UPDATE CASCADE ON DELETE NO ACTION,  
	FOREIGN KEY (curp) REFERENCES persona(curp) ON UPDATE CASCADE ON DELETE NO ACTION
);
COMMENT ON TABLE normal IS 'Pedido con envío normal';
COMMENT ON COLUMN normal.idEnvio IS 'identificador del envío';
COMMENT ON COLUMN normal.idPedido IS 'identificador del pedido';
COMMENT ON COLUMN normal.curp IS 'curp de la persona';
COMMENT ON COLUMN normal.hora IS 'hora en la que se realiza el pedido';
COMMENT ON COLUMN normal.fecha IS 'fecha en la que se realiza el pedido';
COMMENT ON COLUMN normal.estatus IS 'estado en el que se encuentra el pedido';

CREATE TABLE categoria(
	nombre VARCHAR(50) NOT NULL CHECK(CHAR_LENGTH(nombre) <= 50) UNIQUE,
	descripcion VARCHAR(75) CHECK(descripcion <> ''),
	PRIMARY KEY(nombre)
);
COMMENT ON TABLE categoria IS 'Tabla que se encarga de guardar las categorías a las cuales pertenecen los productos.';
COMMENT ON COLUMN categoria.nombre IS 'Nombre de la categoría, el identificador.';
COMMENT ON COLUMN categoria.descripcion IS 'Descripción de la categoría.';

CREATE TABLE proveedor(
	rfc VARCHAR(13) NOT NULL CHECK(CHAR_LENGTH(rfc) = 13) UNIQUE,
	razonSocial VARCHAR(75) NOT NULL,
	cp CHAR(5) NOT NULL CHECK(CHAR_LENGTH(cp) = 5),
	calle VARCHAR(50) NOT NULL, 
	municipio VARCHAR(50) NOT NULL,
	estado VARCHAR(50) NOT NULL,
	numero int CHECK(numero>=0),
	PRIMARY KEY(rfc)
);

COMMENT ON TABLE proveedor IS 'datos del proveedor ';
COMMENT ON COLUMN proveedor.rfc IS 'rfc del proveedor ';
COMMENT ON COLUMN proveedor.razonSocial IS 'razon social del proveedor';
COMMENT ON COLUMN proveedor.cp IS 'codigo postal del proveedor ';
COMMENT ON COLUMN proveedor.calle IS 'calle del proveedor';
COMMENT ON COLUMN proveedor.municipio IS 'municipio del proveedor';
COMMENT ON COLUMN proveedor.estado IS 'estado del proveedor';
COMMENT ON COLUMN proveedor.numero IS 'numero del proveedor';

CREATE TABLE producto(
	idProducto CHAR(18) NOT NULL CHECK(CHAR_LENGTH(idProducto) = 18) UNIQUE,
	nombre VARCHAR(50) CHECK(nombre <>''),
	rfc CHAR(13) NOT NULL CHECK(CHAR_LENGTH(rfc) = 13),
	descActivo REAL NOT NULL CHECK(descActivo between 0 and 100),
	nomArchivo VARCHAR(75) CHECK(nomArchivo <> ''),
	descripcion VARCHAR(250) CHECK(descripcion <> ''),
	uniDispo int CHECK(uniDispo>=0),
	precio MONEY NOT NULL, 
	nombreP VARCHAR(50) CHECK(nombreP <> ''),
	PRIMARY KEY(idProducto), 
	FOREIGN KEY (nombre) REFERENCES categoria(nombre) ON UPDATE CASCADE ON DELETE NO ACTION, 
	FOREIGN KEY (rfc) REFERENCES proveedor(rfc) ON UPDATE CASCADE ON DELETE NO ACTION
);

COMMENT ON TABLE producto IS 'Producto';
COMMENT ON COLUMN producto.idProducto IS 'identificador del producto';
COMMENT ON COLUMN producto.nombre IS 'nombre que tiene la categoria';
COMMENT ON COLUMN producto.rfc IS 'rfc del proveedor del producto';
COMMENT ON COLUMN producto.descActivo IS 'dato que nos dice si el producto tiene descuento';
COMMENT ON COLUMN producto.nomArchivo IS 'nombre de la imagen del producto';
COMMENT ON COLUMN producto.descripcion IS 'información que descriibe el producto';
COMMENT ON COLUMN producto.uniDispo IS 'cantidad de productos disponibles';
COMMENT ON COLUMN producto.precio IS 'precio del producto';
COMMENT ON COLUMN producto.nombreP IS 'nombre que tiene el producto';

CREATE TABLE telefonoProveedor(
	telefono CHAR(10) NOT NULL CHECK(CHAR_LENGTH(telefono) = 10) UNIQUE,
	rfc CHAR(13) NOT NULL CHECK(CHAR_LENGTH(rfc) =13),
	PRIMARY KEY(telefono, rfc), 
	FOREIGN KEY (rfc) REFERENCES proveedor(rfc) ON UPDATE CASCADE ON DELETE NO ACTION
);
COMMENT ON TABLE telefonoProveedor IS 'Tabla que se encarga de guardar los teléfonos de cada proveedor.';
COMMENT ON COLUMN telefonoProveedor.telefono IS 'Alguno de los teléfonos del proveedor.';
COMMENT ON COLUMN telefonoProveedor.rfc IS 'El RFC del proveedor, el identificador.';
insert into categoria (nombre, descripcion) values ('Music-632', 'vel sem sed sagittis nam congue risus');
insert into categoria (nombre, descripcion) values ('Garden-140', 'augue luctus tincidunt nulla mollis molestie lorem quisque');
insert into categoria (nombre, descripcion) values ('Health-604', 'lacus purus aliquet at feugiat non');
insert into categoria (nombre, descripcion) values ('Electronics-574', 'eleifend donec ut dolor morbi vel lectus in quam');
insert into categoria (nombre, descripcion) values ('Clothing-104', 'nonummy maecenas tincidunt lacus at velit');
insert into categoria (nombre, descripcion) values ('Garden-560', 'pellentesque quisque porta volutpat erat');
insert into categoria (nombre, descripcion) values ('Garden-810', 'vestibulum ante ipsum primis in faucibus orci luctus');
insert into categoria (nombre, descripcion) values ('Tools-055', 'non velit donec diam neque');
insert into categoria (nombre, descripcion) values ('Movies-713', 'cubilia curae mauris viverra diam');
insert into categoria (nombre, descripcion) values ('Industrial-173', 'blandit mi in porttitor pede justo eu');
insert into categoria (nombre, descripcion) values ('Home-749', 'orci eget orci vehicula condimentum curabitur in');
insert into categoria (nombre, descripcion) values ('Games-438', 'amet lobortis sapien sapien non mi');
insert into categoria (nombre, descripcion) values ('Sports-973', 'duis bibendum felis sed interdum venenatis turpis enim');
insert into categoria (nombre, descripcion) values ('Automotive-271', 'cubilia curae nulla dapibus dolor vel');
insert into categoria (nombre, descripcion) values ('Baby-118', 'mi integer ac neque duis bibendum morbi non');
insert into categoria (nombre, descripcion) values ('Automotive-697', 'metus aenean fermentum donec ut mauris eget massa tempor');
insert into categoria (nombre, descripcion) values ('Baby-624', 'tellus in sagittis dui vel nisl duis');
insert into categoria (nombre, descripcion) values ('Toys-026', 'tellus nulla ut erat id mauris vulputate elementum nullam');
insert into categoria (nombre, descripcion) values ('Home-742', 'penatibus et magnis dis parturient montes nascetur');
insert into categoria (nombre, descripcion) values ('Clothing-226', 'morbi sem mauris laoreet ut rhoncus aliquet pulvinar sed');
insert into categoria (nombre, descripcion) values ('Grocery-269', 'tellus nulla ut erat id mauris vulputate');
insert into categoria (nombre, descripcion) values ('Books-130', 'erat vestibulum sed magna at nunc commodo');
insert into categoria (nombre, descripcion) values ('Books-587', 'tristique in tempus sit amet sem fusce consequat nulla');
insert into categoria (nombre, descripcion) values ('Industrial-805', 'eu sapien cursus vestibulum proin eu mi');
insert into categoria (nombre, descripcion) values ('Toys-932', 'odio donec vitae nisi nam ultrices libero non mattis');
insert into categoria (nombre, descripcion) values ('Beauty-849', 'dapibus duis at velit eu est');
insert into categoria (nombre, descripcion) values ('Baby-474', 'amet eros suspendisse accumsan tortor quis');
insert into categoria (nombre, descripcion) values ('Baby-524', 'maecenas tristique est et tempus semper est quam');
insert into categoria (nombre, descripcion) values ('Home-717', 'sodales scelerisque mauris sit amet');
insert into categoria (nombre, descripcion) values ('Garden-184', 'turpis donec posuere metus vitae');
insert into categoria (nombre, descripcion) values ('Home-455', 'cras in purus eu magna vulputate');
insert into categoria (nombre, descripcion) values ('Games-707', 'congue elementum in hac habitasse');
insert into categoria (nombre, descripcion) values ('Books-338', 'sit amet consectetuer adipiscing elit proin interdum');
insert into categoria (nombre, descripcion) values ('Books-108', 'at nulla suspendisse potenti cras');
insert into categoria (nombre, descripcion) values ('Automotive-384', 'elementum eu interdum eu tincidunt in leo maecenas');
insert into categoria (nombre, descripcion) values ('Tools-287', 'tincidunt in leo maecenas pulvinar lobortis');
insert into categoria (nombre, descripcion) values ('Clothing-714', 'vestibulum ante ipsum primis in faucibus');
insert into categoria (nombre, descripcion) values ('Toys-489', 'mattis nibh ligula nec sem duis aliquam convallis');
insert into categoria (nombre, descripcion) values ('Baby-643', 'duis consequat dui nec nisi volutpat eleifend');
insert into categoria (nombre, descripcion) values ('Grocery-734', 'etiam pretium iaculis justo in hac');
insert into categoria (nombre, descripcion) values ('Shoes-712', 'dolor vel est donec odio justo');
insert into categoria (nombre, descripcion) values ('Garden-427', 'felis fusce posuere felis sed lacus morbi sem mauris');
insert into categoria (nombre, descripcion) values ('Music-992', 'metus aenean fermentum donec ut mauris eget massa');
insert into categoria (nombre, descripcion) values ('Clothing-586', 'sit amet eros suspendisse accumsan tortor quis');
insert into categoria (nombre, descripcion) values ('Garden-649', 'vulputate luctus cum sociis natoque penatibus et magnis dis');
insert into categoria (nombre, descripcion) values ('Industrial-209', 'integer ac leo pellentesque ultrices mattis odio');
insert into categoria (nombre, descripcion) values ('Games-675', 'neque duis bibendum morbi non quam nec dui luctus');
insert into categoria (nombre, descripcion) values ('Electronics-737', 'nibh in quis justo maecenas rhoncus aliquam');
insert into categoria (nombre, descripcion) values ('Games-688', 'hac habitasse platea dictumst etiam faucibus cursus urna ut');
insert into categoria (nombre, descripcion) values ('Music-117', 'id sapien in sapien iaculis congue vivamus metus');
insert into categoria (nombre, descripcion) values ('Home-755', 'quis orci nullam molestie nibh in lectus pellentesque at');
insert into categoria (nombre, descripcion) values ('Kids-992', 'eu felis fusce posuere felis sed lacus morbi sem');
insert into categoria (nombre, descripcion) values ('Health-630', 'sem praesent id massa id nisl venenatis');
insert into categoria (nombre, descripcion) values ('Toys-612', 'vulputate luctus cum sociis natoque penatibus et');
insert into categoria (nombre, descripcion) values ('Home-363', 'donec ut mauris eget massa');
insert into categoria (nombre, descripcion) values ('Movies-657', 'mauris lacinia sapien quis libero nullam sit amet');
insert into categoria (nombre, descripcion) values ('Health-395', 'quis libero nullam sit amet turpis');
insert into categoria (nombre, descripcion) values ('Jewelry-901', 'id ligula suspendisse ornare consequat');
insert into categoria (nombre, descripcion) values ('Books-164', 'vitae consectetuer eget rutrum at');
insert into categoria (nombre, descripcion) values ('Tools-624', 'praesent blandit lacinia erat vestibulum sed');
insert into categoria (nombre, descripcion) values ('Health-742', 'lobortis sapien sapien non mi integer');
insert into categoria (nombre, descripcion) values ('Outdoors-819', 'sit amet erat nulla tempus vivamus in felis');
insert into categoria (nombre, descripcion) values ('Beauty-266', 'donec quis orci eget orci vehicula condimentum curabitur');
insert into categoria (nombre, descripcion) values ('Automotive-527', 'arcu adipiscing molestie hendrerit at vulputate');
insert into categoria (nombre, descripcion) values ('Computers-742', 'quam pede lobortis ligula sit amet');
insert into categoria (nombre, descripcion) values ('Movies-931', 'magna at nunc commodo placerat praesent blandit');
insert into categoria (nombre, descripcion) values ('Home-617', 'sapien quis libero nullam sit amet');
insert into categoria (nombre, descripcion) values ('Games-165', 'aenean fermentum donec ut mauris eget');
insert into categoria (nombre, descripcion) values ('Books-588', 'faucibus cursus urna ut tellus nulla ut');
insert into categoria (nombre, descripcion) values ('Computers-533', 'diam erat fermentum justo nec condimentum neque sapien');
insert into categoria (nombre, descripcion) values ('Grocery-989', 'eleifend pede libero quis orci nullam molestie');
insert into categoria (nombre, descripcion) values ('Beauty-997', 'suscipit a feugiat et eros');
insert into categoria (nombre, descripcion) values ('Outdoors-285', 'arcu sed augue aliquam erat volutpat in congue etiam');
insert into categoria (nombre, descripcion) values ('Movies-656', 'posuere metus vitae ipsum aliquam non mauris morbi');
insert into categoria (nombre, descripcion) values ('Baby-301', 'diam cras pellentesque volutpat dui maecenas tristique est et');
insert into categoria (nombre, descripcion) values ('Jewelry-592', 'magna vestibulum aliquet ultrices erat tortor sollicitudin mi sit');
insert into categoria (nombre, descripcion) values ('Health-939', 'maecenas leo odio condimentum id luctus');
insert into categoria (nombre, descripcion) values ('Toys-359', 'consequat nulla nisl nunc nisl duis');
insert into categoria (nombre, descripcion) values ('Movies-900', 'vitae ipsum aliquam non mauris');
insert into categoria (nombre, descripcion) values ('Electronics-005', 'ultrices libero non mattis pulvinar');
insert into categoria (nombre, descripcion) values ('Movies-687', 'cursus urna ut tellus nulla ut erat id mauris');
insert into categoria (nombre, descripcion) values ('Clothing-831', 'lacinia eget tincidunt eget tempus vel pede');
insert into categoria (nombre, descripcion) values ('Tools-158', 'mattis egestas metus aenean fermentum');
insert into categoria (nombre, descripcion) values ('Tools-739', 'volutpat erat quisque erat eros viverra');
insert into categoria (nombre, descripcion) values ('Beauty-886', 'erat volutpat in congue etiam justo etiam');
insert into categoria (nombre, descripcion) values ('Industrial-514', 'metus vitae ipsum aliquam non mauris morbi non lectus');
insert into categoria (nombre, descripcion) values ('Health-711', 'augue vestibulum ante ipsum primis in faucibus orci luctus');
insert into categoria (nombre, descripcion) values ('Outdoors-032', 'turpis adipiscing lorem vitae mattis nibh');
insert into categoria (nombre, descripcion) values ('Shoes-993', 'posuere metus vitae ipsum aliquam non mauris morbi non');
insert into categoria (nombre, descripcion) values ('Clothing-325', 'quisque id justo sit amet');
insert into categoria (nombre, descripcion) values ('Movies-303', 'vestibulum proin eu mi nulla ac enim in');
insert into categoria (nombre, descripcion) values ('Outdoors-481', 'lobortis ligula sit amet eleifend pede');
insert into categoria (nombre, descripcion) values ('Sports-685', 'congue vivamus metus arcu adipiscing molestie hendrerit at vulputate');
insert into categoria (nombre, descripcion) values ('Clothing-034', 'tincidunt lacus at velit vivamus vel nulla eget');
insert into categoria (nombre, descripcion) values ('Games-430', 'cubilia curae duis faucibus accumsan odio curabitur convallis duis');
insert into categoria (nombre, descripcion) values ('Electronics-715', 'nisl ut volutpat sapien arcu sed augue');
insert into categoria (nombre, descripcion) values ('Health-775', 'eget semper rutrum nulla nunc purus phasellus in felis');
insert into categoria (nombre, descripcion) values ('Home-446', 'interdum eu tincidunt in leo maecenas');
insert into categoria (nombre, descripcion) values ('Books-442', 'in ante vestibulum ante ipsum');
insert into categoria (nombre, descripcion) values ('Movies-326', 'primis in faucibus orci luctus et ultrices');
insert into categoria (nombre, descripcion) values ('Kids-196', 'nunc nisl duis bibendum felis');
insert into categoria (nombre, descripcion) values ('Outdoors-126', 'elit proin risus praesent lectus');
insert into categoria (nombre, descripcion) values ('Beauty-543', 'luctus et ultrices posuere cubilia curae nulla dapibus dolor');
insert into categoria (nombre, descripcion) values ('Outdoors-899', 'odio odio elementum eu interdum eu');
insert into categoria (nombre, descripcion) values ('Automotive-880', 'diam in magna bibendum imperdiet');
insert into categoria (nombre, descripcion) values ('Tools-404', 'vel enim sit amet nunc viverra dapibus nulla suscipit');
insert into categoria (nombre, descripcion) values ('Music-137', 'sem sed sagittis nam congue');
insert into categoria (nombre, descripcion) values ('Music-483', 'risus praesent lectus vestibulum quam sapien varius');
insert into categoria (nombre, descripcion) values ('Kids-281', 'nec sem duis aliquam convallis nunc');
insert into categoria (nombre, descripcion) values ('Computers-358', 'adipiscing molestie hendrerit at vulputate');
insert into categoria (nombre, descripcion) values ('Outdoors-139', 'duis faucibus accumsan odio curabitur convallis');
insert into categoria (nombre, descripcion) values ('Garden-693', 'convallis nulla neque libero convallis');
insert into categoria (nombre, descripcion) values ('Computers-321', 'eu massa donec dapibus duis at');
insert into categoria (nombre, descripcion) values ('Baby-027', 'quam sapien varius ut blandit non');
insert into categoria (nombre, descripcion) values ('Toys-577', 'ligula nec sem duis aliquam convallis nunc proin');
insert into categoria (nombre, descripcion) values ('Computers-014', 'elementum eu interdum eu tincidunt in');
insert into categoria (nombre, descripcion) values ('Beauty-356', 'luctus et ultrices posuere cubilia curae mauris');
insert into categoria (nombre, descripcion) values ('Music-160', 'in faucibus orci luctus et ultrices posuere cubilia');
insert into categoria (nombre, descripcion) values ('Home-349', 'erat eros viverra eget congue eget');
insert into categoria (nombre, descripcion) values ('Books-929', 'ipsum dolor sit amet consectetuer adipiscing elit');
insert into categoria (nombre, descripcion) values ('Health-492', 'odio elementum eu interdum eu tincidunt in leo maecenas');
insert into categoria (nombre, descripcion) values ('Industrial-571', 'est lacinia nisi venenatis tristique fusce congue');
insert into categoria (nombre, descripcion) values ('Baby-211', 'quis libero nullam sit amet turpis elementum ligula vehicula');
insert into categoria (nombre, descripcion) values ('Outdoors-012', 'dolor sit amet consectetuer adipiscing');
insert into categoria (nombre, descripcion) values ('Sports-286', 'nibh fusce lacus purus aliquet at');
insert into categoria (nombre, descripcion) values ('Baby-705', 'dignissim vestibulum vestibulum ante ipsum');
insert into categoria (nombre, descripcion) values ('Automotive-045', 'consequat ut nulla sed accumsan felis ut at dolor');
insert into categoria (nombre, descripcion) values ('Movies-944', 'eros elementum pellentesque quisque porta volutpat erat');
insert into categoria (nombre, descripcion) values ('Music-976', 'congue eget semper rutrum nulla');
insert into categoria (nombre, descripcion) values ('Outdoors-688', 'libero rutrum ac lobortis vel dapibus at');
insert into categoria (nombre, descripcion) values ('Computers-852', 'sit amet consectetuer adipiscing elit proin interdum mauris non');
insert into categoria (nombre, descripcion) values ('Shoes-375', 'maecenas ut massa quis augue luctus tincidunt');
insert into categoria (nombre, descripcion) values ('Clothing-496', 'et ultrices posuere cubilia curae mauris');
insert into categoria (nombre, descripcion) values ('Movies-833', 'lacus morbi quis tortor id');
insert into categoria (nombre, descripcion) values ('Baby-479', 'sit amet sapien dignissim vestibulum vestibulum ante ipsum primis');
insert into categoria (nombre, descripcion) values ('Garden-832', 'ante ipsum primis in faucibus orci luctus et ultrices');
insert into categoria (nombre, descripcion) values ('Shoes-772', 'sodales sed tincidunt eu felis fusce posuere felis sed');
insert into categoria (nombre, descripcion) values ('Jewelry-825', 'cursus urna ut tellus nulla ut');
insert into categoria (nombre, descripcion) values ('Music-311', 'id nisl venenatis lacinia aenean sit amet justo morbi');
insert into categoria (nombre, descripcion) values ('Home-150', 'lacus morbi quis tortor id nulla ultrices');
insert into categoria (nombre, descripcion) values ('Toys-717', 'ac enim in tempor turpis');
insert into categoria (nombre, descripcion) values ('Baby-285', 'odio in hac habitasse platea');
insert into categoria (nombre, descripcion) values ('Health-022', 'viverra dapibus nulla suscipit ligula in lacus curabitur');
insert into categoria (nombre, descripcion) values ('Shoes-912', 'erat fermentum justo nec condimentum neque');
insert into categoria (nombre, descripcion) values ('Automotive-734', 'erat tortor sollicitudin mi sit amet lobortis sapien');
insert into categoria (nombre, descripcion) values ('Home-241', 'ut massa volutpat convallis morbi');
insert into categoria (nombre, descripcion) values ('Electronics-493', 'arcu sed augue aliquam erat volutpat');
insert into categoria (nombre, descripcion) values ('Games-862', 'vulputate justo in blandit ultrices enim');
insert into categoria (nombre, descripcion) values ('Industrial-694', 'varius nulla facilisi cras non velit nec');
insert into categoria (nombre, descripcion) values ('Books-857', 'nulla dapibus dolor vel est donec odio justo sollicitudin');

insert into proveedor (rfc, razonSocial, cp, calle, municipio, estado, numero) values ('buck9363658W7', 'n/a', '95133', 'Haas', 'San Jose', 'California', '00983');
insert into proveedor (rfc, razonSocial, cp, calle, municipio, estado, numero) values ('herd6436690c9', 'Major Pharmaceuticals', '66112', 'Village Green', 'Kansas City', 'Kansas', '9');
insert into proveedor (rfc, razonSocial, cp, calle, municipio, estado, numero) values ('juts7051332S5', 'Precious Metals', '37405', 'Sundown', 'Chattanooga', 'Tennessee', '935');
insert into proveedor (rfc, razonSocial, cp, calle, municipio, estado, numero) values ('none3039296c6', 'Telecommunications Equipment', '32405', 'Maywood', 'Panama City', 'Florida', '84');
insert into proveedor (rfc, razonSocial, cp, calle, municipio, estado, numero) values ('slab5378019v9', 'Containers/Packaging', '78240', 'Reinke', 'San Antonio', 'Texas', '2');
insert into proveedor (rfc, razonSocial, cp, calle, municipio, estado, numero) values ('arch0569484Q7', 'Finance: Consumer Services', '08922', 'Heath', 'New Brunswick', 'New Jersey', '80');
insert into proveedor (rfc, razonSocial, cp, calle, municipio, estado, numero) values ('bask8359489f9', 'Radio And Television Broadcasting And Communications Equipment', '77020', 'Kings', 'Houston', 'Texas', '24342');
insert into proveedor (rfc, razonSocial, cp, calle, municipio, estado, numero) values ('tail0196972m1', 'Finance: Consumer Services', '55166', 'Jenifer', 'Saint Paul', 'Minnesota', '69');
insert into proveedor (rfc, razonSocial, cp, calle, municipio, estado, numero) values ('nick1231362M1', 'Multi-Sector Companies', '90310', 'Eliot', 'Inglewood', 'California', '304');
insert into proveedor (rfc, razonSocial, cp, calle, municipio, estado, numero) values ('like3192249V6', 'Oil & Gas Production', '92132', 'Manitowish', 'San Diego', 'California', '81');
insert into proveedor (rfc, razonSocial, cp, calle, municipio, estado, numero) values ('flaw5085970g8', 'Environmental Services', '66210', 'Darwin', 'Shawnee Mission', 'Kansas', '25917');
insert into proveedor (rfc, razonSocial, cp, calle, municipio, estado, numero) values ('robe6260179w1', 'n/a', '70183', 'Surrey', 'New Orleans', 'Louisiana', '6');
insert into proveedor (rfc, razonSocial, cp, calle, municipio, estado, numero) values ('rids8409770x3', 'Industrial Machinery/Components', '55172', 'Scofield', 'Saint Paul', 'Minnesota', '797');
insert into proveedor (rfc, razonSocial, cp, calle, municipio, estado, numero) values ('clue1238776t4', 'Business Services', '92725', 'Ludington', 'Santa Ana', 'California', '2');
insert into proveedor (rfc, razonSocial, cp, calle, municipio, estado, numero) values ('when5682662v7', 'n/a', '64504', 'Corscot', 'Saint Joseph', 'Missouri', '2');
insert into proveedor (rfc, razonSocial, cp, calle, municipio, estado, numero) values ('once6189506h4', 'Motor Vehicles', '46896', 'Buhler', 'Fort Wayne', 'Indiana', '60192');
insert into proveedor (rfc, razonSocial, cp, calle, municipio, estado, numero) values ('shin5029701m1', 'Coal Mining', '68531', 'Beilfuss', 'Lincoln', 'Nebraska', '04');
insert into proveedor (rfc, razonSocial, cp, calle, municipio, estado, numero) values ('mats7817938k0', 'Major Pharmaceuticals', '20409', 'Arrowood', 'Washington', 'District of Columbia', '161');
insert into proveedor (rfc, razonSocial, cp, calle, municipio, estado, numero) values ('sank6041192W8', 'Building Products', '63116', 'Ludington', 'Saint Louis', 'Missouri', '0');
insert into proveedor (rfc, razonSocial, cp, calle, municipio, estado, numero) values ('lair9064815b1', 'Auto Manufacturing', '06854', 'Eastwood', 'Norwalk', 'Connecticut', '47');
insert into proveedor (rfc, razonSocial, cp, calle, municipio, estado, numero) values ('foal2298363c5', 'Building Materials', '02142', 'Village', 'Cambridge', 'Massachusetts', '46564');
insert into proveedor (rfc, razonSocial, cp, calle, municipio, estado, numero) values ('sung1717982t0', 'n/a', '50369', 'Talmadge', 'Des Moines', 'Iowa', '844');
insert into proveedor (rfc, razonSocial, cp, calle, municipio, estado, numero) values ('taxi8482394m1', 'Commercial Banks', '23436', 'Raven', 'Suffolk', 'Virginia', '6');
insert into proveedor (rfc, razonSocial, cp, calle, municipio, estado, numero) values ('joke1839214j9', 'Industrial Machinery/Components', '33196', 'Ronald Regan', 'Miami', 'Florida', '50497');
insert into proveedor (rfc, razonSocial, cp, calle, municipio, estado, numero) values ('mean7024905x1', 'Medical Specialities', '55402', 'Ridge Oak', 'Minneapolis', 'Minnesota', '0798');
insert into proveedor (rfc, razonSocial, cp, calle, municipio, estado, numero) values ('UN''s1363786t7', 'Investment Managers', '11044', 'Maywood', 'New Hyde Park', 'New York', '109');
insert into proveedor (rfc, razonSocial, cp, calle, municipio, estado, numero) values ('hire9384741J9', 'Biotechnology: Commercial Physical & Biological Resarch', '66286', 'Kropf', 'Shawnee Mission', 'Kansas', '96');
insert into proveedor (rfc, razonSocial, cp, calle, municipio, estado, numero) values ('tubs6657404D2', 'Investment Managers', '48604', 'Magdeline', 'Saginaw', 'Michigan', '9480');
insert into proveedor (rfc, razonSocial, cp, calle, municipio, estado, numero) values ('dull0249644G8', 'Finance: Consumer Services', '77080', 'West', 'Houston', 'Texas', '7');
insert into proveedor (rfc, razonSocial, cp, calle, municipio, estado, numero) values ('tost8487225w9', 'n/a', '06922', 'Nova', 'Stamford', 'Connecticut', '7');
insert into proveedor (rfc, razonSocial, cp, calle, municipio, estado, numero) values ('aunt6287985f8', 'Biotechnology: Electromedical & Electrotherapeutic Apparatus', '06705', 'Del Mar', 'Waterbury', 'Connecticut', '0');
insert into proveedor (rfc, razonSocial, cp, calle, municipio, estado, numero) values ('aunt6028279J7', 'Telecommunications Equipment', '45243', 'Killdeer', 'Cincinnati', 'Ohio', '190');
insert into proveedor (rfc, razonSocial, cp, calle, municipio, estado, numero) values ('peer9194106J8', 'n/a', '10165', 'David', 'New York City', 'New York', '40747');
insert into proveedor (rfc, razonSocial, cp, calle, municipio, estado, numero) values ('whys5345227X4', 'Real Estate Investment Trusts', '15210', 'Pleasure', 'Pittsburgh', 'Pennsylvania', '2219');
insert into proveedor (rfc, razonSocial, cp, calle, municipio, estado, numero) values ('gout5714095u5', 'n/a', '34238', 'Village', 'Sarasota', 'Florida', '5974');
insert into proveedor (rfc, razonSocial, cp, calle, municipio, estado, numero) values ('woes4722519t7', 'Agricultural Chemicals', '80270', 'Mallard', 'Denver', 'Colorado', '0');
insert into proveedor (rfc, razonSocial, cp, calle, municipio, estado, numero) values ('jade1445484C0', 'Major Banks', '26505', 'Cody', 'Morgantown', 'West Virginia', '3511');
insert into proveedor (rfc, razonSocial, cp, calle, municipio, estado, numero) values ('duel6071044m9', 'Publishing', '77218', 'Westerfield', 'Houston', 'Texas', '8');
insert into proveedor (rfc, razonSocial, cp, calle, municipio, estado, numero) values ('drug5873371p7', 'Finance: Consumer Services', '77505', 'Colorado', 'Pasadena', 'Texas', '6534');
insert into proveedor (rfc, razonSocial, cp, calle, municipio, estado, numero) values ('elms4855089Z9', 'n/a', '11225', 'Armistice', 'Brooklyn', 'New York', '5292');
insert into proveedor (rfc, razonSocial, cp, calle, municipio, estado, numero) values ('skip9695565a1', 'n/a', '22036', 'Sloan', 'Fairfax', 'Virginia', '2586');
insert into proveedor (rfc, razonSocial, cp, calle, municipio, estado, numero) values ('mime0574462e6', 'Coal Mining', '94297', 'Sunbrook', 'Sacramento', 'California', '9463');
insert into proveedor (rfc, razonSocial, cp, calle, municipio, estado, numero) values ('zero2601964R1', 'Containers/Packaging', '15230', 'Bay', 'Pittsburgh', 'Pennsylvania', '0');
insert into proveedor (rfc, razonSocial, cp, calle, municipio, estado, numero) values ('boom5345409d4', 'n/a', '60193', 'Red Cloud', 'Schaumburg', 'Illinois', '2430');
insert into proveedor (rfc, razonSocial, cp, calle, municipio, estado, numero) values ('calk6015224t8', 'Major Pharmaceuticals', '30328', 'Pearson', 'Atlanta', 'Georgia', '8');
insert into proveedor (rfc, razonSocial, cp, calle, municipio, estado, numero) values ('fora4375414L9', 'Other Consumer Services', '37405', 'Transport', 'Chattanooga', 'Tennessee', '07');
insert into proveedor (rfc, razonSocial, cp, calle, municipio, estado, numero) values ('bids0745666m0', 'Business Services', '94611', 'Warbler', 'Oakland', 'California', '41439');
insert into proveedor (rfc, razonSocial, cp, calle, municipio, estado, numero) values ('curt6361749e2', 'Auto Parts:O.E.M.', '02119', 'Golf Course', 'Boston', 'Massachusetts', '6303');
insert into proveedor (rfc, razonSocial, cp, calle, municipio, estado, numero) values ('both7107210u5', 'Major Pharmaceuticals', '19810', 'Coleman', 'Wilmington', 'Delaware', '8517');
insert into proveedor (rfc, razonSocial, cp, calle, municipio, estado, numero) values ('oars1912074z2', 'Medical Specialities', '92519', 'Barnett', 'Riverside', 'California', '12');
insert into proveedor (rfc, razonSocial, cp, calle, municipio, estado, numero) values ('blue9211194D9', 'Major Pharmaceuticals', '94237', 'Northfield', 'Sacramento', 'California', '39467');
insert into proveedor (rfc, razonSocial, cp, calle, municipio, estado, numero) values ('bard2102025w1', 'Oil & Gas Production', '79923', 'Butternut', 'El Paso', 'Texas', '52658');
insert into proveedor (rfc, razonSocial, cp, calle, municipio, estado, numero) values ('hits7207001n3', 'Business Services', '02124', 'Bobwhite', 'Boston', 'Massachusetts', '010');
insert into proveedor (rfc, razonSocial, cp, calle, municipio, estado, numero) values ('lack3411667S0', 'Home Furnishings', '20719', 'Kensington', 'Bowie', 'Maryland', '90438');
insert into proveedor (rfc, razonSocial, cp, calle, municipio, estado, numero) values ('dodo0353252d8', 'Industrial Specialties', '37235', 'Browning', 'Nashville', 'Tennessee', '13');
insert into proveedor (rfc, razonSocial, cp, calle, municipio, estado, numero) values ('yank4862364z7', 'Textiles', '70826', 'Eastwood', 'Baton Rouge', 'Louisiana', '2');
insert into proveedor (rfc, razonSocial, cp, calle, municipio, estado, numero) values ('duff5795583b0', 'Major Banks', '20299', 'David', 'Washington', 'District of Columbia', '18306');
insert into proveedor (rfc, razonSocial, cp, calle, municipio, estado, numero) values ('abet2907155b0', 'Real Estate Investment Trusts', '36628', 'Heffernan', 'Mobile', 'Alabama', '1662');
insert into proveedor (rfc, razonSocial, cp, calle, municipio, estado, numero) values ('musk8252470g3', 'n/a', '30323', 'Shopko', 'Atlanta', 'Georgia', '58526');
insert into proveedor (rfc, razonSocial, cp, calle, municipio, estado, numero) values ('size8827325J3', 'Biotechnology: Electromedical & Electrotherapeutic Apparatus', '75397', 'Texas', 'Dallas', 'Texas', '20');
insert into proveedor (rfc, razonSocial, cp, calle, municipio, estado, numero) values ('obey2096468E5', 'n/a', '75392', 'Novick', 'Dallas', 'Texas', '9');
insert into proveedor (rfc, razonSocial, cp, calle, municipio, estado, numero) values ('damp5493315c7', 'Air Freight/Delivery Services', '46216', 'Victoria', 'Indianapolis', 'Indiana', '8178');
insert into proveedor (rfc, razonSocial, cp, calle, municipio, estado, numero) values ('knot0680005X2', 'Oil/Gas Transmission', '76305', 'Goodland', 'Wichita Falls', 'Texas', '8');
insert into proveedor (rfc, razonSocial, cp, calle, municipio, estado, numero) values ('sops0382034h4', 'Business Services', '85732', 'Trailsway', 'Tucson', 'Arizona', '9349');
insert into proveedor (rfc, razonSocial, cp, calle, municipio, estado, numero) values ('outs3355364f1', 'Marine Transportation', '95113', 'Fremont', 'San Jose', 'California', '8432');
insert into proveedor (rfc, razonSocial, cp, calle, municipio, estado, numero) values ('goat5636044Z9', 'Homebuilding', '55585', 'Merrick', 'Monticello', 'Minnesota', '98');
insert into proveedor (rfc, razonSocial, cp, calle, municipio, estado, numero) values ('hilt1925091E7', 'Hotels/Resorts', '56944', 'Larry', 'Washington', 'District of Columbia', '60347');
insert into proveedor (rfc, razonSocial, cp, calle, municipio, estado, numero) values ('boil2484926y0', 'Computer Software: Prepackaged Software', '28242', 'Crest Line', 'Charlotte', 'North Carolina', '344');
insert into proveedor (rfc, razonSocial, cp, calle, municipio, estado, numero) values ('bale6351537o6', 'Major Banks', '11247', 'Heath', 'Brooklyn', 'New York', '39299');
insert into proveedor (rfc, razonSocial, cp, calle, municipio, estado, numero) values ('alit7431730u9', 'Homebuilding', '22070', 'Corben', 'Herndon', 'Virginia', '8443');
insert into proveedor (rfc, razonSocial, cp, calle, municipio, estado, numero) values ('slut9076298y3', 'Life Insurance', '75231', 'Division', 'Dallas', 'Texas', '3538');
insert into proveedor (rfc, razonSocial, cp, calle, municipio, estado, numero) values ('give0722381B0', 'Biotechnology: Biological Products (No Diagnostic Substances)', '28805', 'Tennyson', 'Asheville', 'North Carolina', '1495');
insert into proveedor (rfc, razonSocial, cp, calle, municipio, estado, numero) values ('oafs1667890w3', 'Real Estate Investment Trusts', '20892', 'Brentwood', 'Bethesda', 'Maryland', '595');
insert into proveedor (rfc, razonSocial, cp, calle, municipio, estado, numero) values ('slit3969718F2', 'Commercial Banks', '22096', 'Bellgrove', 'Reston', 'Virginia', '8171');
insert into proveedor (rfc, razonSocial, cp, calle, municipio, estado, numero) values ('bled9498820r0', 'Oil & Gas Production', '65211', 'Artisan', 'Columbia', 'Missouri', '109');
insert into proveedor (rfc, razonSocial, cp, calle, municipio, estado, numero) values ('lets6955105q2', 'Homebuilding', '66629', 'Claremont', 'Topeka', 'Kansas', '5');
insert into proveedor (rfc, razonSocial, cp, calle, municipio, estado, numero) values ('bald1294848r6', 'Major Banks', '43240', 'Memorial', 'Columbus', 'Ohio', '864');
insert into proveedor (rfc, razonSocial, cp, calle, municipio, estado, numero) values ('jade3508229w9', 'Oil & Gas Production', '55428', 'Randy', 'Minneapolis', 'Minnesota', '049');
insert into proveedor (rfc, razonSocial, cp, calle, municipio, estado, numero) values ('dens0476876Z9', 'Restaurants', '77293', 'Weeping Birch', 'Houston', 'Texas', '698');
insert into proveedor (rfc, razonSocial, cp, calle, municipio, estado, numero) values ('rare7231550F4', 'Containers/Packaging', '49510', 'Gina', 'Grand Rapids', 'Michigan', '334');
insert into proveedor (rfc, razonSocial, cp, calle, municipio, estado, numero) values ('chid8101968S3', 'Oil & Gas Production', '43666', 'Magdeline', 'Toledo', 'Ohio', '3');
insert into proveedor (rfc, razonSocial, cp, calle, municipio, estado, numero) values ('crab5157229w0', 'Professional Services', '10165', 'Paget', 'New York City', 'New York', '67379');
insert into proveedor (rfc, razonSocial, cp, calle, municipio, estado, numero) values ('vice9878024b5', 'Metal Fabrications', '93407', 'Butterfield', 'San Luis Obispo', 'California', '57934');
insert into proveedor (rfc, razonSocial, cp, calle, municipio, estado, numero) values ('inch8354147Q3', 'n/a', '25331', 'Moulton', 'Charleston', 'West Virginia', '97639');
insert into proveedor (rfc, razonSocial, cp, calle, municipio, estado, numero) values ('much2733965I8', 'Major Banks', '83206', 'Vernon', 'Pocatello', 'Idaho', '27274');
insert into proveedor (rfc, razonSocial, cp, calle, municipio, estado, numero) values ('fort0491873Z3', 'Building Materials', '38181', 'Sutteridge', 'Memphis', 'Tennessee', '94022');
insert into proveedor (rfc, razonSocial, cp, calle, municipio, estado, numero) values ('pour4054687y8', 'n/a', '50320', 'Longview', 'Des Moines', 'Iowa', '5177');
insert into proveedor (rfc, razonSocial, cp, calle, municipio, estado, numero) values ('mist2548450o5', 'Semiconductors', '92668', 'Schlimgen', 'Orange', 'California', '65');
insert into proveedor (rfc, razonSocial, cp, calle, municipio, estado, numero) values ('grin5890033v6', 'Industrial Machinery/Components', '90094', 'Elgar', 'Los Angeles', 'California', '866');
insert into proveedor (rfc, razonSocial, cp, calle, municipio, estado, numero) values ('push1558131a4', 'n/a', '70616', 'Fairfield', 'Lake Charles', 'Louisiana', '16');
insert into proveedor (rfc, razonSocial, cp, calle, municipio, estado, numero) values ('sexy3155332F3', 'Other Specialty Stores', '89115', 'Meadow Vale', 'Las Vegas', 'Nevada', '22112');
insert into proveedor (rfc, razonSocial, cp, calle, municipio, estado, numero) values ('ours1251366H9', 'Real Estate Investment Trusts', '89110', 'Artisan', 'Las Vegas', 'Nevada', '81624');
insert into proveedor (rfc, razonSocial, cp, calle, municipio, estado, numero) values ('bale0980836V7', 'Homebuilding', '85715', 'Lawn', 'Tucson', 'Arizona', '81101');
insert into proveedor (rfc, razonSocial, cp, calle, municipio, estado, numero) values ('dank1882687e2', 'EDP Services', '11210', 'Pearson', 'Brooklyn', 'New York', '28680');
insert into proveedor (rfc, razonSocial, cp, calle, municipio, estado, numero) values ('your7882622G0', 'Recreational Products/Toys', '20904', 'Monterey', 'Silver Spring', 'Maryland', '2');
insert into proveedor (rfc, razonSocial, cp, calle, municipio, estado, numero) values ('sped4584330x8', 'n/a', '85040', 'Colorado', 'Phoenix', 'Arizona', '8');
insert into proveedor (rfc, razonSocial, cp, calle, municipio, estado, numero) values ('fizz7342692u1', 'Major Chemicals', '98185', 'American', 'Seattle', 'Washington', '10165');
insert into proveedor (rfc, razonSocial, cp, calle, municipio, estado, numero) values ('fire6030688S8', 'Medical/Dental Instruments', '77228', 'Barby', 'Houston', 'Texas', '12796');
insert into proveedor (rfc, razonSocial, cp, calle, municipio, estado, numero) values ('soul1723894a0', 'n/a', '92844', 'Mcguire', 'Garden Grove', 'California', '731');
insert into proveedor (rfc, razonSocial, cp, calle, municipio, estado, numero) values ('snow0495010L0', 'Consumer Electronics/Appliances', '18018', 'Fairview', 'Bethlehem', 'Pennsylvania', '046');

insert into producto (idProducto, nombre, rfc, descActivo, nomArchivo, descripcion, uniDispo, precio, nombreP) values ('559662868021119282', 'Music-632', 'buck9363658W7', '72.36', 'TortorEuPede.mov', 'facilitate magnetic systems', '0594', '$3153.43', 'Onion Powder');
insert into producto (idProducto, nombre, rfc, descActivo, nomArchivo, descripcion, uniDispo, precio, nombreP) values ('521439084346788238', 'Garden-140', 'herd6436690c9', '55.27', 'AmetConsectetuer.txt', 'extend collaborative e-business', '3640', '$4442.63', 'Ice Cream - Fudge Bars');
insert into producto (idProducto, nombre, rfc, descActivo, nomArchivo, descripcion, uniDispo, precio, nombreP) values ('486144163068414834', 'Health-604', 'juts7051332S5', '58.08', 'Lacinia.xls', 'expedite granular technologies', '8134', '$13395.43', 'Snapple - Mango Maddness');
insert into producto (idProducto, nombre, rfc, descActivo, nomArchivo, descripcion, uniDispo, precio, nombreP) values ('185944993198635432', 'Electronics-574', 'none3039296c6', '49.34', 'NecCondimentum.xls', 'architect 24/7 infrastructures', '1474', '$3884.56', 'Tomatoes - Heirloom');
insert into producto (idProducto, nombre, rfc, descActivo, nomArchivo, descripcion, uniDispo, precio, nombreP) values ('084592461967423175', 'Clothing-104', 'slab5378019v9', '32.06', 'LoremQuisqueUt.xls', 'drive integrated platforms', '3864', '$3541.11', 'Wine - Guy Sage Touraine');
insert into producto (idProducto, nombre, rfc, descActivo, nomArchivo, descripcion, uniDispo, precio, nombreP) values ('415320187468818211', 'Garden-560', 'arch0569484Q7', '04.41', 'DolorSit.xls', 'strategize sexy platforms', '9820', '$10434.96', 'Ginger - Ground');
insert into producto (idProducto, nombre, rfc, descActivo, nomArchivo, descripcion, uniDispo, precio, nombreP) values ('345920865003663160', 'Garden-810', 'bask8359489f9', '52.37', 'SemperRutrum.txt', 'extend transparent platforms', '4592', '$7387.30', 'Tea Leaves - Oolong');
insert into producto (idProducto, nombre, rfc, descActivo, nomArchivo, descripcion, uniDispo, precio, nombreP) values ('871113823654044686', 'Tools-055', 'tail0196972m1', '96.92', 'NullamPorttitorLacus.jpeg', 'disintermediate world-class functionalities', '8252', '$14307.23', 'Wine - Pinot Noir Latour');
insert into producto (idProducto, nombre, rfc, descActivo, nomArchivo, descripcion, uniDispo, precio, nombreP) values ('642258680952833418', 'Movies-713', 'nick1231362M1', '63.47', 'InConsequatUt.mp3', 'monetize revolutionary experiences', '0674', '$6777.89', 'Wine - Harrow Estates, Vidal');
insert into producto (idProducto, nombre, rfc, descActivo, nomArchivo, descripcion, uniDispo, precio, nombreP) values ('225225101432655041', 'Industrial-173', 'like3192249V6', '63.83', 'PulvinarSed.tiff', 'transform scalable eyeballs', '0602', '$11979.53', 'Squash - Guords');
insert into producto (idProducto, nombre, rfc, descActivo, nomArchivo, descripcion, uniDispo, precio, nombreP) values ('833022584779200834', 'Home-749', 'flaw5085970g8', '30.51', 'Turpis.avi', 'reintermediate B2B deliverables', '4667', '$7785.25', 'Eel Fresh');
insert into producto (idProducto, nombre, rfc, descActivo, nomArchivo, descripcion, uniDispo, precio, nombreP) values ('400900573068009559', 'Games-438', 'robe6260179w1', '36.41', 'AnteVelIpsum.tiff', 'matrix wireless e-services', '8778', '$11219.11', 'Table Cloth 90x90 White');
insert into producto (idProducto, nombre, rfc, descActivo, nomArchivo, descripcion, uniDispo, precio, nombreP) values ('592260541594168144', 'Sports-973', 'rids8409770x3', '22.40', 'AcEnim.mp3', 'e-enable value-added methodologies', '5030', '$14536.90', 'V8 Splash Strawberry Kiwi');
insert into producto (idProducto, nombre, rfc, descActivo, nomArchivo, descripcion, uniDispo, precio, nombreP) values ('854288235043898750', 'Automotive-271', 'clue1238776t4', '94.38', 'NullamPorttitorLacus.ppt', 'syndicate distributed functionalities', '3516', '$336.80', 'Lamb - Pieces, Diced');
insert into producto (idProducto, nombre, rfc, descActivo, nomArchivo, descripcion, uniDispo, precio, nombreP) values ('968927670673480315', 'Baby-118', 'when5682662v7', '54.33', 'Et.avi', 'expedite one-to-one architectures', '7435', '$9276.28', 'Tomato Puree');
insert into producto (idProducto, nombre, rfc, descActivo, nomArchivo, descripcion, uniDispo, precio, nombreP) values ('905739918433982867', 'Automotive-697', 'once6189506h4', '15.45', 'PorttitorLacusAt.tiff', 'embrace rich partnerships', '8652', '$10962.09', 'Pasta - Canelloni');
insert into producto (idProducto, nombre, rfc, descActivo, nomArchivo, descripcion, uniDispo, precio, nombreP) values ('533628520314101907', 'Baby-624', 'shin5029701m1', '26.63', 'HacHabitasse.avi', 'harness scalable e-business', '4665', '$14972.15', 'Bread - Raisin');
insert into producto (idProducto, nombre, rfc, descActivo, nomArchivo, descripcion, uniDispo, precio, nombreP) values ('764298439926739024', 'Toys-026', 'mats7817938k0', '68.01', 'JustoLacinia.mov', 'extend transparent ROI', '1034', '$9182.38', 'Foil Cont Round');
insert into producto (idProducto, nombre, rfc, descActivo, nomArchivo, descripcion, uniDispo, precio, nombreP) values ('014311847059991065', 'Home-742', 'sank6041192W8', '01.54', 'Donec.xls', 'drive enterprise methodologies', '2266', '$5955.34', 'Tea - Orange Pekoe');
insert into producto (idProducto, nombre, rfc, descActivo, nomArchivo, descripcion, uniDispo, precio, nombreP) values ('942811623217728124', 'Clothing-226', 'lair9064815b1', '20.96', 'NullaElit.gif', 'revolutionize distributed functionalities', '6690', '$7612.63', 'Trout - Hot Smkd, Dbl Fillet');
insert into producto (idProducto, nombre, rfc, descActivo, nomArchivo, descripcion, uniDispo, precio, nombreP) values ('942463329006392050', 'Grocery-269', 'foal2298363c5', '34.29', 'Mus.mp3', 'leverage open-source users', '2286', '$373.85', 'Coffee Guatemala Dark');
insert into producto (idProducto, nombre, rfc, descActivo, nomArchivo, descripcion, uniDispo, precio, nombreP) values ('909492133465955457', 'Books-130', 'sung1717982t0', '81.22', 'TortorEuPede.gif', 'morph world-class infrastructures', '2475', '$14114.56', 'Lettuce - Lolla Rosa');
insert into producto (idProducto, nombre, rfc, descActivo, nomArchivo, descripcion, uniDispo, precio, nombreP) values ('909680947795326343', 'Books-587', 'taxi8482394m1', '92.16', 'DiamVitaeQuam.ppt', 'implement end-to-end web services', '7757', '$14416.28', 'Grapes - Green');
insert into producto (idProducto, nombre, rfc, descActivo, nomArchivo, descripcion, uniDispo, precio, nombreP) values ('772288466437041853', 'Industrial-805', 'joke1839214j9', '35.62', 'LobortisEstPhasellus.mpeg', 'scale B2C ROI', '0656', '$11421.47', 'Wasabi Paste');
insert into producto (idProducto, nombre, rfc, descActivo, nomArchivo, descripcion, uniDispo, precio, nombreP) values ('129009409062176640', 'Toys-932', 'mean7024905x1', '74.63', 'SitAmet.mp3', 'integrate one-to-one methodologies', '9284', '$6263.16', 'Water - Evian 355 Ml');
insert into producto (idProducto, nombre, rfc, descActivo, nomArchivo, descripcion, uniDispo, precio, nombreP) values ('473701794763103301', 'Beauty-849', 'UN''s1363786t7', '26.20', 'InHacHabitasse.ppt', 'architect extensible ROI', '7922', '$8608.03', 'Lobster - Tail, 3 - 4 Oz');
insert into producto (idProducto, nombre, rfc, descActivo, nomArchivo, descripcion, uniDispo, precio, nombreP) values ('912171521079468053', 'Baby-474', 'hire9384741J9', '84.81', 'PraesentBlandit.xls', 'grow one-to-one infrastructures', '1035', '$6470.81', 'Isomalt');
insert into producto (idProducto, nombre, rfc, descActivo, nomArchivo, descripcion, uniDispo, precio, nombreP) values ('349283939592444741', 'Baby-524', 'tubs6657404D2', '51.16', 'AtDiamNam.pdf', 'brand plug-and-play methodologies', '2044', '$3797.04', 'Wine - Conde De Valdemar');
insert into producto (idProducto, nombre, rfc, descActivo, nomArchivo, descripcion, uniDispo, precio, nombreP) values ('929236063163526049', 'Home-717', 'dull0249644G8', '41.15', 'JustoIn.ppt', 'enable value-added convergence', '9139', '$5780.13', 'Wine - Rhine Riesling Wolf Blass');
insert into producto (idProducto, nombre, rfc, descActivo, nomArchivo, descripcion, uniDispo, precio, nombreP) values ('782732206090961919', 'Garden-184', 'tost8487225w9', '06.86', 'Parturient.gif', 'incubate innovative portals', '3360', '$14341.53', 'Octopus - Baby, Cleaned');
insert into producto (idProducto, nombre, rfc, descActivo, nomArchivo, descripcion, uniDispo, precio, nombreP) values ('788290593134819677', 'Home-455', 'aunt6287985f8', '48.34', 'LeoMaecenas.mpeg', 'incubate robust vortals', '6754', '$3651.03', 'Tomatoes - Grape');
insert into producto (idProducto, nombre, rfc, descActivo, nomArchivo, descripcion, uniDispo, precio, nombreP) values ('302947008970999766', 'Games-707', 'aunt6028279J7', '99.78', 'Ut.avi', 'harness impactful schemas', '0948', '$9207.96', 'Cheese Cloth No 100');
insert into producto (idProducto, nombre, rfc, descActivo, nomArchivo, descripcion, uniDispo, precio, nombreP) values ('653803267949317589', 'Books-338', 'peer9194106J8', '07.56', 'NullaInteger.ppt', 'implement enterprise vortals', '3860', '$5218.92', 'Jolt Cola - Red Eye');
insert into producto (idProducto, nombre, rfc, descActivo, nomArchivo, descripcion, uniDispo, precio, nombreP) values ('384728120911834197', 'Books-108', 'whys5345227X4', '95.71', 'Laoreet.tiff', 'reinvent open-source infrastructures', '2646', '$13556.27', 'Peas - Frozen');
insert into producto (idProducto, nombre, rfc, descActivo, nomArchivo, descripcion, uniDispo, precio, nombreP) values ('930719446310015392', 'Automotive-384', 'gout5714095u5', '48.72', 'Sagittis.avi', 'monetize best-of-breed bandwidth', '8209', '$11713.59', 'Coconut - Creamed, Pure');
insert into producto (idProducto, nombre, rfc, descActivo, nomArchivo, descripcion, uniDispo, precio, nombreP) values ('811232547103640597', 'Tools-287', 'woes4722519t7', '74.35', 'LigulaVehiculaConsequat.avi', 'revolutionize robust models', '5644', '$7921.81', 'Wine - Mas Chicet Rose, Vintage');
insert into producto (idProducto, nombre, rfc, descActivo, nomArchivo, descripcion, uniDispo, precio, nombreP) values ('927238699916657283', 'Clothing-714', 'jade1445484C0', '49.13', 'Quisque.mp3', 'cultivate cross-media ROI', '4983', '$10170.86', 'Soda Water - Club Soda, 355 Ml');
insert into producto (idProducto, nombre, rfc, descActivo, nomArchivo, descripcion, uniDispo, precio, nombreP) values ('429140395923954252', 'Toys-489', 'duel6071044m9', '11.40', 'Volutpat.gif', 'disintermediate mission-critical web-readiness', '0492', '$12421.18', 'Cheese - Le Cru Du Clocher');
insert into producto (idProducto, nombre, rfc, descActivo, nomArchivo, descripcion, uniDispo, precio, nombreP) values ('565692807053312212', 'Baby-643', 'drug5873371p7', '37.99', 'ASuscipit.avi', 'synthesize one-to-one web-readiness', '1462', '$1429.43', 'Soup - Campbells - Tomato');
insert into producto (idProducto, nombre, rfc, descActivo, nomArchivo, descripcion, uniDispo, precio, nombreP) values ('620518997612054535', 'Grocery-734', 'elms4855089Z9', '55.21', 'JustoSitAmet.mov', 'engage frictionless portals', '3092', '$6510.87', 'Soup - Knorr, French Onion');
insert into producto (idProducto, nombre, rfc, descActivo, nomArchivo, descripcion, uniDispo, precio, nombreP) values ('952267243984086930', 'Shoes-712', 'skip9695565a1', '95.22', 'PlaceratPraesentBlandit.pdf', 'synergize rich applications', '6712', '$7002.48', 'Rice - Wild');
insert into producto (idProducto, nombre, rfc, descActivo, nomArchivo, descripcion, uniDispo, precio, nombreP) values ('733455063998946104', 'Garden-427', 'mime0574462e6', '22.46', 'NuncRhoncusDui.avi', 'benchmark out-of-the-box relationships', '0174', '$11112.25', 'Wine - White, Concha Y Toro');
insert into producto (idProducto, nombre, rfc, descActivo, nomArchivo, descripcion, uniDispo, precio, nombreP) values ('875642825777868855', 'Music-992', 'zero2601964R1', '81.52', 'NullaTempusVivamus.tiff', 'harness visionary ROI', '8702', '$10845.60', 'Crab - Claws, Snow 16 - 24');
insert into producto (idProducto, nombre, rfc, descActivo, nomArchivo, descripcion, uniDispo, precio, nombreP) values ('405645751145288713', 'Clothing-586', 'boom5345409d4', '03.05', 'NecDuiLuctus.jpeg', 'generate granular supply-chains', '7923', '$6685.39', 'Soup - Campbells Tomato Ravioli');
insert into producto (idProducto, nombre, rfc, descActivo, nomArchivo, descripcion, uniDispo, precio, nombreP) values ('615034904141898804', 'Garden-649', 'calk6015224t8', '80.52', 'Nulla.jpeg', 'optimize frictionless relationships', '8260', '$9432.34', 'Pepper - Cubanelle');
insert into producto (idProducto, nombre, rfc, descActivo, nomArchivo, descripcion, uniDispo, precio, nombreP) values ('944842136375332183', 'Industrial-209', 'fora4375414L9', '26.65', 'NislNunc.gif', 'aggregate 24/7 relationships', '6309', '$8759.69', 'Capers - Ox Eye Daisy');
insert into producto (idProducto, nombre, rfc, descActivo, nomArchivo, descripcion, uniDispo, precio, nombreP) values ('605815563115443939', 'Games-675', 'bids0745666m0', '49.69', 'RisusPraesent.mpeg', 'optimize leading-edge methodologies', '0747', '$2418.47', 'Schnappes - Peach, Walkers');
insert into producto (idProducto, nombre, rfc, descActivo, nomArchivo, descripcion, uniDispo, precio, nombreP) values ('627573321609901496', 'Electronics-737', 'curt6361749e2', '29.10', 'HacHabitasse.avi', 'strategize next-generation initiatives', '7077', '$10107.56', 'Passion Fruit');
insert into producto (idProducto, nombre, rfc, descActivo, nomArchivo, descripcion, uniDispo, precio, nombreP) values ('767776570609283767', 'Games-688', 'both7107210u5', '33.88', 'NullaNuncPurus.png', 'visualize intuitive architectures', '3087', '$11763.95', 'Jam - Raspberry,jar');
insert into producto (idProducto, nombre, rfc, descActivo, nomArchivo, descripcion, uniDispo, precio, nombreP) values ('857255655453778647', 'Music-117', 'oars1912074z2', '84.14', 'MorbiOdio.avi', 'unleash best-of-breed infrastructures', '4523', '$8188.47', 'Wine - Peller Estates Late');
insert into producto (idProducto, nombre, rfc, descActivo, nomArchivo, descripcion, uniDispo, precio, nombreP) values ('041159836675833327', 'Home-755', 'blue9211194D9', '66.06', 'Hac.txt', 'maximize customized supply-chains', '7813', '$10345.95', 'Tray - 12in Rnd Blk');
insert into producto (idProducto, nombre, rfc, descActivo, nomArchivo, descripcion, uniDispo, precio, nombreP) values ('872860587784081665', 'Kids-992', 'bard2102025w1', '61.99', 'LigulaVehicula.avi', 'e-enable one-to-one initiatives', '2542', '$10713.76', 'Mushroom - Trumpet, Dry');
insert into producto (idProducto, nombre, rfc, descActivo, nomArchivo, descripcion, uniDispo, precio, nombreP) values ('046449974161067303', 'Health-630', 'hits7207001n3', '25.89', 'RutrumNulla.ppt', 'aggregate holistic interfaces', '4890', '$4878.13', 'Longos - Grilled Chicken With');
insert into producto (idProducto, nombre, rfc, descActivo, nomArchivo, descripcion, uniDispo, precio, nombreP) values ('748038799340805253', 'Toys-612', 'lack3411667S0', '31.73', 'Vestibulum.doc', 'matrix plug-and-play markets', '5312', '$1867.54', 'Longos - Chicken Wings');
insert into producto (idProducto, nombre, rfc, descActivo, nomArchivo, descripcion, uniDispo, precio, nombreP) values ('791048558046339322', 'Home-363', 'dodo0353252d8', '10.60', 'MaecenasPulvinarLobortis.mp3', 'brand collaborative ROI', '0900', '$3389.72', 'Milk - Buttermilk');
insert into producto (idProducto, nombre, rfc, descActivo, nomArchivo, descripcion, uniDispo, precio, nombreP) values ('644202237240908331', 'Movies-656', 'yank4862364z7', '94.53', 'IdOrnareImperdiet.mp3', 'monetize frictionless functionalities', '5158', '$7628.00', 'Southern Comfort');
insert into producto (idProducto, nombre, rfc, descActivo, nomArchivo, descripcion, uniDispo, precio, nombreP) values ('536816381834849266', 'Health-395', 'duff5795583b0', '10.10', 'ArcuAdipiscingMolestie.xls', 'optimize B2B e-business', '5849', '$2994.27', 'Tequila - Sauza Silver');
insert into producto (idProducto, nombre, rfc, descActivo, nomArchivo, descripcion, uniDispo, precio, nombreP) values ('085230336355068155', 'Jewelry-901', 'abet2907155b0', '72.02', 'InLectus.mov', 'grow rich deliverables', '0766', '$8485.66', 'Hog / Sausage Casing - Pork');
insert into producto (idProducto, nombre, rfc, descActivo, nomArchivo, descripcion, uniDispo, precio, nombreP) values ('944411276231499728', 'Books-164', 'musk8252470g3', '54.37', 'DonecQuisOrci.tiff', 'orchestrate next-generation communities', '6360', '$4069.32', 'Oil - Olive');
insert into producto (idProducto, nombre, rfc, descActivo, nomArchivo, descripcion, uniDispo, precio, nombreP) values ('575364503980149372', 'Tools-624', 'size8827325J3', '21.55', 'NislAeneanLectus.xls', 'orchestrate rich applications', '1972', '$13851.60', 'Pears - Anjou');
insert into producto (idProducto, nombre, rfc, descActivo, nomArchivo, descripcion, uniDispo, precio, nombreP) values ('847376882590582728', 'Health-742', 'obey2096468E5', '86.03', 'AcEstLacinia.avi', 'cultivate granular networks', '6326', '$2023.83', 'Cleaner - Lime Away');
insert into producto (idProducto, nombre, rfc, descActivo, nomArchivo, descripcion, uniDispo, precio, nombreP) values ('542584068647939258', 'Outdoors-819', 'damp5493315c7', '62.64', 'AliquamNon.ppt', 'incubate one-to-one paradigms', '8776', '$12908.61', 'Bread - Burger');
insert into producto (idProducto, nombre, rfc, descActivo, nomArchivo, descripcion, uniDispo, precio, nombreP) values ('813833103882078341', 'Beauty-266', 'knot0680005X2', '65.86', 'NecSem.ppt', 'deliver enterprise convergence', '6901', '$10615.78', 'Tobasco Sauce');
insert into producto (idProducto, nombre, rfc, descActivo, nomArchivo, descripcion, uniDispo, precio, nombreP) values ('321896801703572287', 'Automotive-527', 'sops0382034h4', '13.66', 'EuTinciduntIn.tiff', 'seize plug-and-play e-commerce', '4721', '$13017.99', 'Bar Mix - Lime');
insert into producto (idProducto, nombre, rfc, descActivo, nomArchivo, descripcion, uniDispo, precio, nombreP) values ('781546318374487671', 'Computers-742', 'outs3355364f1', '33.25', 'Sapien.avi', 'aggregate sticky communities', '7689', '$11487.19', 'Cheese - St. Paulin');
insert into producto (idProducto, nombre, rfc, descActivo, nomArchivo, descripcion, uniDispo, precio, nombreP) values ('813683592773340739', 'Movies-931', 'goat5636044Z9', '95.89', 'AtVulputateVitae.mp3', 'seize frictionless deliverables', '9792', '$12479.59', 'Rum - Mount Gay Eclipes');
insert into producto (idProducto, nombre, rfc, descActivo, nomArchivo, descripcion, uniDispo, precio, nombreP) values ('226435129784952727', 'Home-617', 'hilt1925091E7', '03.29', 'PellentesqueViverraPede.ppt', 'whiteboard frictionless synergies', '8829', '$12845.05', 'Icecream - Dstk Cml And Fdg');
insert into producto (idProducto, nombre, rfc, descActivo, nomArchivo, descripcion, uniDispo, precio, nombreP) values ('486697629090602652', 'Games-165', 'boil2484926y0', '17.17', 'Cras.gif', 'mesh 24/365 supply-chains', '2529', '$4283.04', 'Blueberries');
insert into producto (idProducto, nombre, rfc, descActivo, nomArchivo, descripcion, uniDispo, precio, nombreP) values ('780577236976785724', 'Books-588', 'bale6351537o6', '41.14', 'Libero.mp3', 'streamline real-time web services', '1762', '$7879.66', 'Milk - Buttermilk');
insert into producto (idProducto, nombre, rfc, descActivo, nomArchivo, descripcion, uniDispo, precio, nombreP) values ('154203141605036126', 'Computers-533', 'alit7431730u9', '12.93', 'Erat.txt', 'transform dot-com deliverables', '2088', '$7365.57', 'Pasta - Linguini, Dry');
insert into producto (idProducto, nombre, rfc, descActivo, nomArchivo, descripcion, uniDispo, precio, nombreP) values ('748532833167853956', 'Grocery-989', 'slut9076298y3', '67.34', 'QuamPharetraMagna.png', 'benchmark transparent e-services', '2299', '$10293.99', 'Yogurt - Banana, 175 Gr');
insert into producto (idProducto, nombre, rfc, descActivo, nomArchivo, descripcion, uniDispo, precio, nombreP) values ('510385523748510829', 'Beauty-997', 'give0722381B0', '57.86', 'EgetMassa.png', 'architect web-enabled systems', '1959', '$12136.10', 'Gatorade - Lemon Lime');
insert into producto (idProducto, nombre, rfc, descActivo, nomArchivo, descripcion, uniDispo, precio, nombreP) values ('836750390976881474', 'Outdoors-285', 'oafs1667890w3', '33.74', 'NullaQuisque.doc', 'transition leading-edge interfaces', '9481', '$10454.65', 'Bagel - Everything Presliced');
insert into producto (idProducto, nombre, rfc, descActivo, nomArchivo, descripcion, uniDispo, precio, nombreP) values ('021636282054751733', 'Movies-656', 'slit3969718F2', '20.31', 'VelitEuEst.avi', 'cultivate distributed experiences', '2446', '$11014.71', 'Beans - Black Bean, Preserved');
insert into producto (idProducto, nombre, rfc, descActivo, nomArchivo, descripcion, uniDispo, precio, nombreP) values ('006114016255736083', 'Baby-301', 'bled9498820r0', '73.95', 'PedeJusto.ppt', 'synergize collaborative portals', '2986', '$6520.36', 'Lychee');
insert into producto (idProducto, nombre, rfc, descActivo, nomArchivo, descripcion, uniDispo, precio, nombreP) values ('190226740347147167', 'Jewelry-592', 'lets6955105q2', '37.40', 'LacusAtTurpis.pdf', 'engineer rich e-commerce', '0245', '$8671.48', 'Trueblue - Blueberry Cranberry');
insert into producto (idProducto, nombre, rfc, descActivo, nomArchivo, descripcion, uniDispo, precio, nombreP) values ('397258004790642507', 'Health-939', 'bald1294848r6', '98.43', 'SemDuisAliquam.avi', 'grow interactive communities', '0917', '$3406.03', 'Sobe - Green Tea');
insert into producto (idProducto, nombre, rfc, descActivo, nomArchivo, descripcion, uniDispo, precio, nombreP) values ('097021469668227841', 'Toys-359', 'jade3508229w9', '23.52', 'CondimentumCurabitur.avi', 'incubate synergistic systems', '1996', '$13201.62', 'Remy Red Berry Infusion');
insert into producto (idProducto, nombre, rfc, descActivo, nomArchivo, descripcion, uniDispo, precio, nombreP) values ('854976630568229077', 'Movies-900', 'dens0476876Z9', '79.48', 'TristiqueTortor.ppt', 'reintermediate front-end mindshare', '0260', '$10210.35', 'Bandage - Flexible Neon');
insert into producto (idProducto, nombre, rfc, descActivo, nomArchivo, descripcion, uniDispo, precio, nombreP) values ('359195125435719696', 'Electronics-005', 'rare7231550F4', '02.24', 'NequeVestibulum.ppt', 'generate viral metrics', '8193', '$5004.57', 'Muffin Hinge - 211n');
insert into producto (idProducto, nombre, rfc, descActivo, nomArchivo, descripcion, uniDispo, precio, nombreP) values ('628642018207569162', 'Movies-687', 'chid8101968S3', '70.95', 'Eleifend.gif', 'transition interactive deliverables', '8823', '$6150.15', 'Wine - Shiraz South Eastern');
insert into producto (idProducto, nombre, rfc, descActivo, nomArchivo, descripcion, uniDispo, precio, nombreP) values ('691065724311758400', 'Clothing-831', 'crab5157229w0', '20.66', 'UtErat.avi', 'brand dynamic technologies', '4787', '$3577.91', 'Pork - Tenderloin, Fresh');
insert into producto (idProducto, nombre, rfc, descActivo, nomArchivo, descripcion, uniDispo, precio, nombreP) values ('227180048533475126', 'Tools-158', 'vice9878024b5', '03.96', 'ElementumNullamVarius.avi', 'revolutionize bleeding-edge technologies', '0374', '$12929.66', 'Oil - Truffle, White');
insert into producto (idProducto, nombre, rfc, descActivo, nomArchivo, descripcion, uniDispo, precio, nombreP) values ('576871586623603424', 'Tools-739', 'inch8354147Q3', '79.90', 'EleifendLuctusUltricies.txt', 'mesh end-to-end ROI', '9780', '$5116.19', 'Pepper - Black, Whole');
insert into producto (idProducto, nombre, rfc, descActivo, nomArchivo, descripcion, uniDispo, precio, nombreP) values ('427273942036393217', 'Beauty-886', 'much2733965I8', '48.98', 'Erat.mp3', 'harness visionary networks', '0947', '$4719.94', 'Pork - Ground');
insert into producto (idProducto, nombre, rfc, descActivo, nomArchivo, descripcion, uniDispo, precio, nombreP) values ('014312554678822266', 'Industrial-514', 'fort0491873Z3', '99.45', 'NullaNunc.xls', 'morph granular communities', '8865', '$679.77', 'Pears - Bosc');
insert into producto (idProducto, nombre, rfc, descActivo, nomArchivo, descripcion, uniDispo, precio, nombreP) values ('744590300955276627', 'Health-711', 'pour4054687y8', '41.95', 'Nullam.ppt', 'syndicate ubiquitous methodologies', '1668', '$8581.69', 'Tart Shells - Barquettes, Savory');
insert into producto (idProducto, nombre, rfc, descActivo, nomArchivo, descripcion, uniDispo, precio, nombreP) values ('557624975553618935', 'Outdoors-032', 'mist2548450o5', '50.59', 'Amet.avi', 'leverage world-class portals', '1554', '$11055.30', 'Lid - 0090 Clear');
insert into producto (idProducto, nombre, rfc, descActivo, nomArchivo, descripcion, uniDispo, precio, nombreP) values ('897628125801304188', 'Shoes-993', 'grin5890033v6', '92.66', 'NatoquePenatibus.avi', 'disintermediate clicks-and-mortar paradigms', '6646', '$8994.98', 'Soup - Knorr, Chicken Noodle');
insert into producto (idProducto, nombre, rfc, descActivo, nomArchivo, descripcion, uniDispo, precio, nombreP) values ('576526237902059923', 'Clothing-325', 'push1558131a4', '51.16', 'MassaQuisAugue.mp3', 'enable virtual applications', '8106', '$7628.53', 'Potatoes - Yukon Gold, 80 Ct');
insert into producto (idProducto, nombre, rfc, descActivo, nomArchivo, descripcion, uniDispo, precio, nombreP) values ('296668402306430968', 'Movies-303', 'sexy3155332F3', '69.57', 'FaucibusOrciLuctus.mov', 'synthesize bricks-and-clicks communities', '1259', '$9172.32', 'Passion Fruit');
insert into producto (idProducto, nombre, rfc, descActivo, nomArchivo, descripcion, uniDispo, precio, nombreP) values ('929184802223199807', 'Outdoors-481', 'ours1251366H9', '45.88', 'PellentesqueViverra.avi', 'benchmark customized mindshare', '7192', '$12669.52', 'Mousse - Mango');
insert into producto (idProducto, nombre, rfc, descActivo, nomArchivo, descripcion, uniDispo, precio, nombreP) values ('861092335467912722', 'Sports-685', 'bale0980836V7', '31.62', 'Odio.xls', 'grow integrated ROI', '4377', '$416.75', 'Eggplant - Regular');
insert into producto (idProducto, nombre, rfc, descActivo, nomArchivo, descripcion, uniDispo, precio, nombreP) values ('013669249459842839', 'Clothing-034', 'dank1882687e2', '76.22', 'DiamCras.mpeg', 'matrix revolutionary synergies', '7506', '$5254.43', 'Chicken - Base');
insert into producto (idProducto, nombre, rfc, descActivo, nomArchivo, descripcion, uniDispo, precio, nombreP) values ('852577461079690511', 'Games-430', 'your7882622G0', '60.05', 'Ridiculus.mp3', 'repurpose cross-platform systems', '4986', '$1527.85', 'Yogurt - Cherry, 175 Gr');
insert into producto (idProducto, nombre, rfc, descActivo, nomArchivo, descripcion, uniDispo, precio, nombreP) values ('204380390765014910', 'Electronics-715', 'sped4584330x8', '98.68', 'NecNisiVolutpat.tiff', 'exploit best-of-breed initiatives', '6905', '$13469.15', 'Puree - Guava');
insert into producto (idProducto, nombre, rfc, descActivo, nomArchivo, descripcion, uniDispo, precio, nombreP) values ('098476934758443712', 'Health-775', 'fizz7342692u1', '83.94', 'Elit.png', 'monetize world-class metrics', '6451', '$6780.55', 'Goat - Leg');
insert into producto (idProducto, nombre, rfc, descActivo, nomArchivo, descripcion, uniDispo, precio, nombreP) values ('451106903933819818', 'Home-446', 'fire6030688S8', '57.91', 'ArcuSedAugue.xls', 'drive sexy experiences', '3872', '$1099.84', 'Wine - Magnotta - Pinot Gris Sr');
insert into producto (idProducto, nombre, rfc, descActivo, nomArchivo, descripcion, uniDispo, precio, nombreP) values ('967142336612358761', 'Books-442', 'soul1723894a0', '45.90', 'VolutpatEleifend.mp3', 'whiteboard customized action-items', '3188', '$3387.72', 'Kellogs All Bran Bars');
insert into producto (idProducto, nombre, rfc, descActivo, nomArchivo, descripcion, uniDispo, precio, nombreP) values ('968580620333148597', 'Movies-326', 'snow0495010L0', '75.70', 'PretiumIaculisJusto.tiff', 'strategize out-of-the-box models', '5684', '$13911.64', 'The Pop Shoppe - Cream Soda');

insert into telefonoProveedor (telefono, rfc) values ('3090354915', 'buck9363658W7');
insert into telefonoProveedor (telefono, rfc) values ('9220867650', 'herd6436690c9');
insert into telefonoProveedor (telefono, rfc) values ('1457852229', 'juts7051332S5');
insert into telefonoProveedor (telefono, rfc) values ('4338100293', 'none3039296c6');
insert into telefonoProveedor (telefono, rfc) values ('3811685483', 'slab5378019v9');
insert into telefonoProveedor (telefono, rfc) values ('2415334547', 'arch0569484Q7');
insert into telefonoProveedor (telefono, rfc) values ('9492391039', 'bask8359489f9');
insert into telefonoProveedor (telefono, rfc) values ('6813926824', 'tail0196972m1');
insert into telefonoProveedor (telefono, rfc) values ('6688265650', 'nick1231362M1');
insert into telefonoProveedor (telefono, rfc) values ('5841087780', 'like3192249V6');
insert into telefonoProveedor (telefono, rfc) values ('1559675306', 'flaw5085970g8');
insert into telefonoProveedor (telefono, rfc) values ('4238000430', 'robe6260179w1');
insert into telefonoProveedor (telefono, rfc) values ('9477806750', 'rids8409770x3');
insert into telefonoProveedor (telefono, rfc) values ('2994417681', 'clue1238776t4');
insert into telefonoProveedor (telefono, rfc) values ('9811434853', 'when5682662v7');
insert into telefonoProveedor (telefono, rfc) values ('0098042677', 'once6189506h4');
insert into telefonoProveedor (telefono, rfc) values ('5207493195', 'shin5029701m1');
insert into telefonoProveedor (telefono, rfc) values ('6727722353', 'mats7817938k0');
insert into telefonoProveedor (telefono, rfc) values ('0651133298', 'sank6041192W8');
insert into telefonoProveedor (telefono, rfc) values ('5386222019', 'lair9064815b1');
insert into telefonoProveedor (telefono, rfc) values ('6739476141', 'foal2298363c5');
insert into telefonoProveedor (telefono, rfc) values ('7859221425', 'sung1717982t0');
insert into telefonoProveedor (telefono, rfc) values ('7200812458', 'taxi8482394m1');
insert into telefonoProveedor (telefono, rfc) values ('3655469855', 'joke1839214j9');
insert into telefonoProveedor (telefono, rfc) values ('0681735571', 'mean7024905x1');
insert into telefonoProveedor (telefono, rfc) values ('8059677202', 'UN''s1363786t7');
insert into telefonoProveedor (telefono, rfc) values ('5560867281', 'hire9384741J9');
insert into telefonoProveedor (telefono, rfc) values ('8443046791', 'tubs6657404D2');
insert into telefonoProveedor (telefono, rfc) values ('2194296394', 'dull0249644G8');
insert into telefonoProveedor (telefono, rfc) values ('9058834191', 'tost8487225w9');
insert into telefonoProveedor (telefono, rfc) values ('3181088092', 'aunt6287985f8');
insert into telefonoProveedor (telefono, rfc) values ('4749124516', 'aunt6028279J7');
insert into telefonoProveedor (telefono, rfc) values ('4132832621', 'peer9194106J8');
insert into telefonoProveedor (telefono, rfc) values ('9896003524', 'whys5345227X4');
insert into telefonoProveedor (telefono, rfc) values ('8827614843', 'gout5714095u5');
insert into telefonoProveedor (telefono, rfc) values ('3334910614', 'woes4722519t7');
insert into telefonoProveedor (telefono, rfc) values ('0938326510', 'jade1445484C0');
insert into telefonoProveedor (telefono, rfc) values ('9773834746', 'duel6071044m9');
insert into telefonoProveedor (telefono, rfc) values ('2379840711', 'drug5873371p7');
insert into telefonoProveedor (telefono, rfc) values ('0020816368', 'elms4855089Z9');
insert into telefonoProveedor (telefono, rfc) values ('6512448563', 'skip9695565a1');
insert into telefonoProveedor (telefono, rfc) values ('5995047698', 'mime0574462e6');
insert into telefonoProveedor (telefono, rfc) values ('2965747435', 'zero2601964R1');
insert into telefonoProveedor (telefono, rfc) values ('8052697938', 'boom5345409d4');
insert into telefonoProveedor (telefono, rfc) values ('2643313570', 'calk6015224t8');
insert into telefonoProveedor (telefono, rfc) values ('5039124116', 'fora4375414L9');
insert into telefonoProveedor (telefono, rfc) values ('1949284416', 'bids0745666m0');
insert into telefonoProveedor (telefono, rfc) values ('4056657204', 'curt6361749e2');
insert into telefonoProveedor (telefono, rfc) values ('8214930912', 'both7107210u5');
insert into telefonoProveedor (telefono, rfc) values ('3938465943', 'oars1912074z2');
insert into telefonoProveedor (telefono, rfc) values ('2006457796', 'blue9211194D9');
insert into telefonoProveedor (telefono, rfc) values ('4329253363', 'bard2102025w1');
insert into telefonoProveedor (telefono, rfc) values ('7123319416', 'hits7207001n3');
insert into telefonoProveedor (telefono, rfc) values ('4056646026', 'lack3411667S0');
insert into telefonoProveedor (telefono, rfc) values ('4403763511', 'dodo0353252d8');
insert into telefonoProveedor (telefono, rfc) values ('4400483641', 'yank4862364z7');
insert into telefonoProveedor (telefono, rfc) values ('3608197043', 'duff5795583b0');
insert into telefonoProveedor (telefono, rfc) values ('2095973768', 'abet2907155b0');
insert into telefonoProveedor (telefono, rfc) values ('2408343279', 'musk8252470g3');
insert into telefonoProveedor (telefono, rfc) values ('9258262398', 'size8827325J3');
insert into telefonoProveedor (telefono, rfc) values ('5440105468', 'obey2096468E5');
insert into telefonoProveedor (telefono, rfc) values ('2322240203', 'damp5493315c7');
insert into telefonoProveedor (telefono, rfc) values ('7276540373', 'knot0680005X2');
insert into telefonoProveedor (telefono, rfc) values ('5284974825', 'sops0382034h4');
insert into telefonoProveedor (telefono, rfc) values ('7433444076', 'outs3355364f1');
insert into telefonoProveedor (telefono, rfc) values ('3745176691', 'goat5636044Z9');
insert into telefonoProveedor (telefono, rfc) values ('5901040119', 'hilt1925091E7');
insert into telefonoProveedor (telefono, rfc) values ('6784597995', 'boil2484926y0');
insert into telefonoProveedor (telefono, rfc) values ('0790802729', 'bale6351537o6');
insert into telefonoProveedor (telefono, rfc) values ('2052871905', 'alit7431730u9');
insert into telefonoProveedor (telefono, rfc) values ('2787178688', 'slut9076298y3');
insert into telefonoProveedor (telefono, rfc) values ('8600591155', 'give0722381B0');
insert into telefonoProveedor (telefono, rfc) values ('4892227220', 'oafs1667890w3');
insert into telefonoProveedor (telefono, rfc) values ('0935206328', 'slit3969718F2');
insert into telefonoProveedor (telefono, rfc) values ('9596152586', 'bled9498820r0');
insert into telefonoProveedor (telefono, rfc) values ('9117173915', 'lets6955105q2');
insert into telefonoProveedor (telefono, rfc) values ('3097833209', 'bald1294848r6');
insert into telefonoProveedor (telefono, rfc) values ('8836426116', 'jade3508229w9');
insert into telefonoProveedor (telefono, rfc) values ('7137062057', 'dens0476876Z9');
insert into telefonoProveedor (telefono, rfc) values ('9767416858', 'rare7231550F4');
insert into telefonoProveedor (telefono, rfc) values ('3129746589', 'chid8101968S3');
insert into telefonoProveedor (telefono, rfc) values ('4297081738', 'crab5157229w0');
insert into telefonoProveedor (telefono, rfc) values ('2114389317', 'vice9878024b5');
insert into telefonoProveedor (telefono, rfc) values ('7138769583', 'inch8354147Q3');
insert into telefonoProveedor (telefono, rfc) values ('7758962261', 'much2733965I8');
insert into telefonoProveedor (telefono, rfc) values ('0947590903', 'fort0491873Z3');
insert into telefonoProveedor (telefono, rfc) values ('7302598515', 'pour4054687y8');
insert into telefonoProveedor (telefono, rfc) values ('8535330939', 'mist2548450o5');
insert into telefonoProveedor (telefono, rfc) values ('9500776525', 'grin5890033v6');
insert into telefonoProveedor (telefono, rfc) values ('3555589739', 'push1558131a4');
insert into telefonoProveedor (telefono, rfc) values ('6062189258', 'sexy3155332F3');
insert into telefonoProveedor (telefono, rfc) values ('7315175300', 'ours1251366H9');
insert into telefonoProveedor (telefono, rfc) values ('4003643774', 'bale0980836V7');
insert into telefonoProveedor (telefono, rfc) values ('9126754614', 'dank1882687e2');
insert into telefonoProveedor (telefono, rfc) values ('1613200202', 'your7882622G0');
insert into telefonoProveedor (telefono, rfc) values ('9149377197', 'sped4584330x8');
insert into telefonoProveedor (telefono, rfc) values ('0682351945', 'fizz7342692u1');
insert into telefonoProveedor (telefono, rfc) values ('1050369052', 'fire6030688S8');
insert into telefonoProveedor (telefono, rfc) values ('8616311836', 'soul1723894a0');
insert into telefonoProveedor (telefono, rfc) values ('1903894647', 'snow0495010L0');

insert into persona (curp, esRepartidor, curpSupervisor, nombre, apellidoPaterno, apellidoMaterno, genero, fechaNacimiento, calle, codigoPostal, estado, municipio, numero, esCliente, contrasenia, email, horaSalida, horaEntrada, calificacion, numEnvios) values ('gyms221925renege81', true, 'turn274554creams34', 'Sholom', 'Sibbert', 'Garretson', 'M', '1924-12-05 18:00:27', 'Saint Paul', '77206', 'Texas', 'Houston', '38', true, '6Fl6cxFb', 'sgarretson0@yahoo.com', '18:34:29.000', '11:31:09.000', '4', '7');
insert into persona (curp, esRepartidor, curpSupervisor, nombre, apellidoPaterno, apellidoMaterno, genero, fechaNacimiento, calle, codigoPostal, estado, municipio, numero, esCliente, contrasenia, email, horaSalida, horaEntrada, calificacion, numEnvios) values ('shut723875delete41', true, 'shot027394quirky20', 'Lowe', 'Wardingley', 'Quarrell', 'M', '1916-04-14 20:20:22', 'Kropf', '63158', 'Missouri', 'Saint Louis', '748', true, 'Sy0NA5', 'lquarrell1@arizona.edu', '18:28:03.000', '8:34:15.000', '5', '9');
insert into persona (curp, esRepartidor, curpSupervisor, nombre, apellidoPaterno, apellidoMaterno, genero, fechaNacimiento, calle, codigoPostal, estado, municipio, numero, esCliente, contrasenia, email, horaSalida, horaEntrada, calificacion, numEnvios) values ('grab719350cursed85', true, 'loam872231embalm97', 'Davina', 'Cogger', 'Arrol', 'F', '1952-10-14 19:25:12', 'Welch', '03105', 'New Hampshire', 'Manchester', '36773', true, 'rv4LwfMJth', 'darrol2@drupal.org', '19:29:45.000', '8:43:58.000', '5', '99899');
insert into persona (curp, esRepartidor, curpSupervisor, nombre, apellidoPaterno, apellidoMaterno, genero, fechaNacimiento, calle, codigoPostal, estado, municipio, numero, esCliente, contrasenia, email, horaSalida, horaEntrada, calificacion, numEnvios) values ('sewn354050wanted19', true, 'zone060954buzz''s65', 'Annnora', 'Risson', 'Bosworth', 'F', '1931-09-28 22:35:51', 'Almo', '44760', 'Ohio', 'Canton', '23370', true, 'OBiO6zJ', 'abosworth3@wikimedia.org', '19:05:47.000', '10:13:20.000', '4', '79');
insert into persona (curp, esRepartidor, curpSupervisor, nombre, apellidoPaterno, apellidoMaterno, genero, fechaNacimiento, calle, codigoPostal, estado, municipio, numero, esCliente, contrasenia, email, horaSalida, horaEntrada, calificacion, numEnvios) values ('meat825566adjust44', true, 'hoed186388knacks92', 'Claiborne', 'Joynes', 'Streetfield', 'M', '2020-03-16 12:52:47', 'Portage', '33620', 'Florida', 'Tampa', '639', false, null, null, '19:49:29.000', '10:10:15.000', '4', '897');
insert into persona (curp, esRepartidor, curpSupervisor, nombre, apellidoPaterno, apellidoMaterno, genero, fechaNacimiento, calle, codigoPostal, estado, municipio, numero, esCliente, contrasenia, email, horaSalida, horaEntrada, calificacion, numEnvios) values ('toll581519dogged76', true, 'lice594523scrubs54', 'Holly-anne', 'Bambrugh', 'Hallin', 'F', '2015-04-17 15:33:45', 'Parkside', '92710', 'California', 'Irvine', '82', true, 'mO5aS7q8iE', 'hhallin5@wikipedia.org', '16:35:21.000', '9:07:28.000', '4', '97');
insert into persona (curp, esRepartidor, curpSupervisor, nombre, apellidoPaterno, apellidoMaterno, genero, fechaNacimiento, calle, codigoPostal, estado, municipio, numero, esCliente, contrasenia, email, horaSalida, horaEntrada, calificacion, numEnvios) values ('molt335949logger89', true, 'sons570305castes98', 'Donny', 'Wain', 'Ilyukhov', 'F', '1915-07-27 15:08:52', 'Fairfield', '78205', 'Texas', 'San Antonio', '20', true, 'KYRTS0', 'dilyukhov6@slideshare.net', '17:57:15.000', '8:28:41.000', '2', '9799');
insert into persona (curp, esRepartidor, curpSupervisor, nombre, apellidoPaterno, apellidoMaterno, genero, fechaNacimiento, calle, codigoPostal, estado, municipio, numero, esCliente, contrasenia, email, horaSalida, horaEntrada, calificacion, numEnvios) values ('vans014208folder88', true, 'dial135889master73', 'Hally', 'Jankovic', 'Enticknap', 'F', '1919-06-17 09:41:26', 'Ryan', '20189', 'Virginia', 'Dulles', '42854', false, null, null, '19:17:00.000', '11:24:18.000', '3', '7');
insert into persona (curp, esRepartidor, curpSupervisor, nombre, apellidoPaterno, apellidoMaterno, genero, fechaNacimiento, calle, codigoPostal, estado, municipio, numero, esCliente, contrasenia, email, horaSalida, horaEntrada, calificacion, numEnvios) values ('wipe870086flocks65', true, 'this854904rake''s47', 'Murray', 'Greeson', 'Count', 'M', '1929-06-04 14:47:35', 'Bashford', '44105', 'Ohio', 'Cleveland', '764', false, null, null, '17:10:16.000', '10:10:50.000', '3', '8997');
insert into persona (curp, esRepartidor, curpSupervisor, nombre, apellidoPaterno, apellidoMaterno, genero, fechaNacimiento, calle, codigoPostal, estado, municipio, numero, esCliente, contrasenia, email, horaSalida, horaEntrada, calificacion, numEnvios) values ('jump322421seamed53', true, 'rife507666spoofs19', 'Nettle', 'Helversen', 'Coupland', 'F', '2005-11-16 09:16:42', 'Alpine', '64054', 'Missouri', 'Independence', '52344', true, 'VChzmdkq4w', 'ncoupland9@nhs.uk', '16:18:44.000', '8:55:17.000', '5', '987');
insert into persona (curp, esRepartidor, curpSupervisor, nombre, apellidoPaterno, apellidoMaterno, genero, fechaNacimiento, calle, codigoPostal, estado, municipio, numero, esCliente, contrasenia, email, horaSalida, horaEntrada, calificacion, numEnvios) values ('true668029laying06', true, 'grub209441navy''s53', 'Bradly', 'Mattersley', 'Burvill', 'M', '1944-03-19 22:25:45', 'Vernon', '33411', 'Florida', 'West Palm Beach', '44958', false, null, null, '16:20:11.000', '9:19:52.000', '5', '99999');
insert into persona (curp, esRepartidor, curpSupervisor, nombre, apellidoPaterno, apellidoMaterno, genero, fechaNacimiento, calle, codigoPostal, estado, municipio, numero, esCliente, contrasenia, email, horaSalida, horaEntrada, calificacion, numEnvios) values ('womb306727chokes85', true, 'pall153950drug''s91', 'Arch', 'Jirick', 'Mochar', 'M', '2009-04-29 07:06:17', 'Independence', '85099', 'Arizona', 'Phoenix', '53', false, null, null, '17:02:29.000', '11:28:09.000', '0', '89668');
insert into persona (curp, esRepartidor, curpSupervisor, nombre, apellidoPaterno, apellidoMaterno, genero, fechaNacimiento, calle, codigoPostal, estado, municipio, numero, esCliente, contrasenia, email, horaSalida, horaEntrada, calificacion, numEnvios) values ('knew729866births54', true, 'raze470721retort47', 'Glad', 'Easun', 'Hallybone', 'F', '1938-07-24 07:18:07', 'Schmedeman', '14276', 'New York', 'Buffalo', '8', false, null, null, '16:06:32.000', '10:48:29.000', '5', '899');
insert into persona (curp, esRepartidor, curpSupervisor, nombre, apellidoPaterno, apellidoMaterno, genero, fechaNacimiento, calle, codigoPostal, estado, municipio, numero, esCliente, contrasenia, email, horaSalida, horaEntrada, calificacion, numEnvios) values ('raps555989vine''s11', true, 'aped210597lively95', 'Richmound', 'Carlisi', 'Kyneton', 'M', '1937-04-10 12:58:03', 'Namekagon', '23228', 'Virginia', 'Richmond', '68', true, 'jQAu6P1Vt', 'rkynetond@bravesites.com', '19:50:02.000', '9:36:10.000', '4', '96996');
insert into persona (curp, esRepartidor, curpSupervisor, nombre, apellidoPaterno, apellidoMaterno, genero, fechaNacimiento, calle, codigoPostal, estado, municipio, numero, esCliente, contrasenia, email, horaSalida, horaEntrada, calificacion, numEnvios) values ('if''s792641idling26', true, 'womb902418attain97', 'Bertina', 'Mallam', 'Flint', 'F', '1951-06-20 06:19:34', 'Claremont', '28272', 'North Carolina', 'Charlotte', '2120', true, 'E7dr3Y3ERKcx', 'bflinte@time.com', '16:36:10.000', '9:29:50.000', '4', '97689');
insert into persona (curp, esRepartidor, curpSupervisor, nombre, apellidoPaterno, apellidoMaterno, genero, fechaNacimiento, calle, codigoPostal, estado, municipio, numero, esCliente, contrasenia, email, horaSalida, horaEntrada, calificacion, numEnvios) values ('arid283999panics93', true, 'wife562133blends85', 'Wat', 'Shillaker', 'Beatens', 'M', '1907-03-30 04:08:07', 'Dwight', '90081', 'California', 'Los Angeles', '4144', false, null, null, '16:44:37.000', '9:27:40.000', '5', '98879');
insert into persona (curp, esRepartidor, curpSupervisor, nombre, apellidoPaterno, apellidoMaterno, genero, fechaNacimiento, calle, codigoPostal, estado, municipio, numero, esCliente, contrasenia, email, horaSalida, horaEntrada, calificacion, numEnvios) values ('slip819260miring70', true, 'coop079244blazed37', 'Town', 'Bowhey', 'Bickell', 'M', '1932-07-30 17:52:17', 'Novick', '21211', 'Maryland', 'Baltimore', '223', true, 'QW2SDz3yq9', 'tbickellg@sakura.ne.jp', '19:10:33.000', '8:01:29.000', '4', '8989');
insert into persona (curp, esRepartidor, curpSupervisor, nombre, apellidoPaterno, apellidoMaterno, genero, fechaNacimiento, calle, codigoPostal, estado, municipio, numero, esCliente, contrasenia, email, horaSalida, horaEntrada, calificacion, numEnvios) values ('soli052586server47', true, 'clip856911dagger16', 'Garrett', 'Ciccotti', 'Wyldbore', 'M', '1918-03-13 09:58:00', 'Fallview', '67260', 'Kansas', 'Wichita', '04', false, null, null, '19:50:16.000', '11:44:19.000', '5', '68859');
insert into persona (curp, esRepartidor, curpSupervisor, nombre, apellidoPaterno, apellidoMaterno, genero, fechaNacimiento, calle, codigoPostal, estado, municipio, numero, esCliente, contrasenia, email, horaSalida, horaEntrada, calificacion, numEnvios) values ('airs089958poet''s56', true, 'wees812241deepen34', 'Ramsay', 'Prestland', 'Smullen', 'M', '1940-08-27 23:33:33', 'Anthes', '33147', 'Florida', 'Miami', '84859', true, 's9WnJjV1pAZv', 'rsmulleni@is.gd', '16:09:58.000', '9:11:03.000', '3', '966');
insert into persona (curp, esRepartidor, curpSupervisor, nombre, apellidoPaterno, apellidoMaterno, genero, fechaNacimiento, calle, codigoPostal, estado, municipio, numero, esCliente, contrasenia, email, horaSalida, horaEntrada, calificacion, numEnvios) values ('lips540883unborn44', true, 'warm020825motive95', 'Abey', 'Castan', 'Bollen', 'M', '1972-09-20 18:46:08', 'Artisan', '77288', 'Texas', 'Houston', '0', true, 'eyAoEp4', 'abollenj@discuz.net', '16:24:25.000', '8:12:22.000', '5', '7999');
insert into persona (curp, esRepartidor, curpSupervisor, nombre, apellidoPaterno, apellidoMaterno, genero, fechaNacimiento, calle, codigoPostal, estado, municipio, numero, esCliente, contrasenia, email, horaSalida, horaEntrada, calificacion, numEnvios) values ('lime765581band''s30', true, 'mate949545dearer47', 'Grete', 'Jerman', 'Hudleston', 'F', '2003-03-25 17:28:03', 'Darwin', '89178', 'Nevada', 'Las Vegas', '66305', false, null, null, '17:36:07.000', '8:58:58.000', '3', '7999');
insert into persona (curp, esRepartidor, curpSupervisor, nombre, apellidoPaterno, apellidoMaterno, genero, fechaNacimiento, calle, codigoPostal, estado, municipio, numero, esCliente, contrasenia, email, horaSalida, horaEntrada, calificacion, numEnvios) values ('goof552020ninety78', true, 'rows564799trifle73', 'Viviene', 'Pepis', 'Jurek', 'F', '1925-11-07 21:28:16', 'Roth', '28314', 'North Carolina', 'Fayetteville', '385', true, 'dn1plW', 'vjurekl@posterous.com', '18:36:10.000', '8:31:47.000', '5', '8899');
insert into persona (curp, esRepartidor, curpSupervisor, nombre, apellidoPaterno, apellidoMaterno, genero, fechaNacimiento, calle, codigoPostal, estado, municipio, numero, esCliente, contrasenia, email, horaSalida, horaEntrada, calificacion, numEnvios) values ('oafs506426pair''s45', true, 'taco981478paltry69', 'Brandyn', 'Donnett', 'Jerrand', 'M', '1922-07-06 16:30:36', 'Cascade', '20508', 'District of Columbia', 'Washington', '52102', true, 'd6CIhUBw0M', 'bjerrandm@ovh.net', '17:29:27.000', '9:55:59.000', '1', '97');
insert into persona (curp, esRepartidor, curpSupervisor, nombre, apellidoPaterno, apellidoMaterno, genero, fechaNacimiento, calle, codigoPostal, estado, municipio, numero, esCliente, contrasenia, email, horaSalida, horaEntrada, calificacion, numEnvios) values ('runt970321evened11', true, 'hunk656907omelet49', 'Gonzalo', 'Fannin', 'Evered', 'M', '2012-05-03 20:16:19', 'Rieder', '86305', 'Arizona', 'Prescott', '989', true, 'ntSRJN', 'geveredn@ft.com', '17:21:15.000', '10:57:47.000', '5', '94');
insert into persona (curp, esRepartidor, curpSupervisor, nombre, apellidoPaterno, apellidoMaterno, genero, fechaNacimiento, calle, codigoPostal, estado, municipio, numero, esCliente, contrasenia, email, horaSalida, horaEntrada, calificacion, numEnvios) values ('wage382942skulls45', true, 'blot609178stripe09', 'Glynn', 'Banister', 'Blackford', 'M', '2021-04-30 18:25:44', 'Raven', '25336', 'West Virginia', 'Charleston', '55335', false, null, null, '18:14:58.000', '8:54:27.000', '4', '89999');
insert into persona (curp, esRepartidor, curpSupervisor, nombre, apellidoPaterno, apellidoMaterno, genero, fechaNacimiento, calle, codigoPostal, estado, municipio, numero, esCliente, contrasenia, email, horaSalida, horaEntrada, calificacion, numEnvios) values ('grew025991laurel88', true, 'gate517177burped91', 'Demetris', 'Gillions', 'Thraves', 'F', '2004-10-12 23:57:38', 'International', '20310', 'District of Columbia', 'Washington', '1850', true, 'VZ3dQg', 'dthravesp@angelfire.com', '16:52:24.000', '8:05:53.000', '5', '999');
insert into persona (curp, esRepartidor, curpSupervisor, nombre, apellidoPaterno, apellidoMaterno, genero, fechaNacimiento, calle, codigoPostal, estado, municipio, numero, esCliente, contrasenia, email, horaSalida, horaEntrada, calificacion, numEnvios) values ('ovum048824pushes77', true, 'rape272056molt''s36', 'Lelah', 'Son', 'Letrange', 'F', '1926-04-21 12:05:09', 'Oak Valley', '87140', 'New Mexico', 'Albuquerque', '0247', true, 'RgWmRoIe2XK', 'lletrangeq@edublogs.org', '18:43:49.000', '10:33:31.000', '2', '88');
insert into persona (curp, esRepartidor, curpSupervisor, nombre, apellidoPaterno, apellidoMaterno, genero, fechaNacimiento, calle, codigoPostal, estado, municipio, numero, esCliente, contrasenia, email, horaSalida, horaEntrada, calificacion, numEnvios) values ('fern601259bonier87', true, 'bike643643scants39', 'Webster', 'Ellul', 'Schnieder', 'M', '1909-07-23 20:27:57', 'Myrtle', '02109', 'Massachusetts', 'Boston', '0', false, null, null, '19:39:42.000', '11:10:38.000', '0', '99999');
insert into persona (curp, esRepartidor, curpSupervisor, nombre, apellidoPaterno, apellidoMaterno, genero, fechaNacimiento, calle, codigoPostal, estado, municipio, numero, esCliente, contrasenia, email, horaSalida, horaEntrada, calificacion, numEnvios) values ('hubs821187teller98', true, 'bike916133indigo57', 'Kenna', 'Gimeno', 'Lowndsbrough', 'F', '2014-02-10 14:10:54', 'Jana', '20551', 'District of Columbia', 'Washington', '27', false, null, null, '16:37:17.000', '10:59:55.000', '5', '96875');
insert into persona (curp, esRepartidor, curpSupervisor, nombre, apellidoPaterno, apellidoMaterno, genero, fechaNacimiento, calle, codigoPostal, estado, municipio, numero, esCliente, contrasenia, email, horaSalida, horaEntrada, calificacion, numEnvios) values ('pies207844busily88', true, 'race823450gropes29', 'Bordy', 'Giorgetti', 'Griffoen', 'M', '1989-12-06 16:17:11', 'Packers', '36622', 'Alabama', 'Mobile', '97829', false, null, null, '18:26:30.000', '10:53:34.000', '5', '8889');
insert into persona (curp, esRepartidor, curpSupervisor, nombre, apellidoPaterno, apellidoMaterno, genero, fechaNacimiento, calle, codigoPostal, estado, municipio, numero, esCliente, contrasenia, email, horaSalida, horaEntrada, calificacion, numEnvios) values ('pens087133derive55', true, 'irks132663stales28', 'Abner', 'Fluit', 'Catherall', 'M', '1962-01-08 00:43:44', 'Grayhawk', '20535', 'District of Columbia', 'Washington', '70', false, null, null, '19:43:21.000', '8:43:01.000', '5', '976');
insert into persona (curp, esRepartidor, curpSupervisor, nombre, apellidoPaterno, apellidoMaterno, genero, fechaNacimiento, calle, codigoPostal, estado, municipio, numero, esCliente, contrasenia, email, horaSalida, horaEntrada, calificacion, numEnvios) values ('bold436156upbeat82', true, 'acre462306broads05', 'Bond', 'Elger', 'Videneev', 'M', '1987-04-21 21:46:54', 'Service', '74126', 'Oklahoma', 'Tulsa', '5', false, null, null, '19:06:00.000', '10:46:04.000', '5', '99977');
insert into persona (curp, esRepartidor, curpSupervisor, nombre, apellidoPaterno, apellidoMaterno, genero, fechaNacimiento, calle, codigoPostal, estado, municipio, numero, esCliente, contrasenia, email, horaSalida, horaEntrada, calificacion, numEnvios) values ('urns540889poking97', true, 'dams787624crater78', 'Tim', 'Debold', 'Dunwoody', 'M', '1910-05-03 20:01:49', 'Huxley', '29411', 'South Carolina', 'Charleston', '4201', false, null, null, '18:09:35.000', '11:50:34.000', '5', '969');
insert into persona (curp, esRepartidor, curpSupervisor, nombre, apellidoPaterno, apellidoMaterno, genero, fechaNacimiento, calle, codigoPostal, estado, municipio, numero, esCliente, contrasenia, email, horaSalida, horaEntrada, calificacion, numEnvios) values ('loon359041eights99', true, 'doom541608creeks92', 'Roby', 'Punt', 'Gaize', 'F', '1927-10-22 15:18:37', 'Center', '06533', 'Connecticut', 'New Haven', '473', false, null, null, '19:09:33.000', '9:17:21.000', '2', '989');
insert into persona (curp, esRepartidor, curpSupervisor, nombre, apellidoPaterno, apellidoMaterno, genero, fechaNacimiento, calle, codigoPostal, estado, municipio, numero, esCliente, contrasenia, email, horaSalida, horaEntrada, calificacion, numEnvios) values ('grew149974éclair18', true, 'bade496443bait''s00', 'Neville', 'Fleischer', 'Sute', 'M', '1943-05-17 20:14:24', 'Sachtjen', '30336', 'Georgia', 'Atlanta', '9772', false, null, null, '17:19:40.000', '11:15:41.000', '5', '87899');
insert into persona (curp, esRepartidor, curpSupervisor, nombre, apellidoPaterno, apellidoMaterno, genero, fechaNacimiento, calle, codigoPostal, estado, municipio, numero, esCliente, contrasenia, email, horaSalida, horaEntrada, calificacion, numEnvios) values ('oral686060biases88', true, 'door040064room''s99', 'Banky', 'Brownlee', 'Tindall', 'M', '1961-07-17 19:27:06', 'Menomonie', '48912', 'Michigan', 'Lansing', '5', true, 'tKlgab', 'btindallz@bloglovin.com', '19:31:49.000', '9:39:47.000', '5', '88889');
insert into persona (curp, esRepartidor, curpSupervisor, nombre, apellidoPaterno, apellidoMaterno, genero, fechaNacimiento, calle, codigoPostal, estado, municipio, numero, esCliente, contrasenia, email, horaSalida, horaEntrada, calificacion, numEnvios) values ('bare655677ridded61', true, 'puss117974aspect40', 'Renard', 'Costen', 'Grund', 'M', '1999-11-20 15:55:13', 'Butterfield', '28805', 'North Carolina', 'Asheville', '8', false, null, null, '16:42:19.000', '11:07:58.000', '5', '989');
insert into persona (curp, esRepartidor, curpSupervisor, nombre, apellidoPaterno, apellidoMaterno, genero, fechaNacimiento, calle, codigoPostal, estado, municipio, numero, esCliente, contrasenia, email, horaSalida, horaEntrada, calificacion, numEnvios) values ('MS''s431985holler41', true, 'yank698394fright30', 'Darb', 'Amphlett', 'Luten', 'M', '1967-02-07 16:04:42', 'Old Shore', '92640', 'California', 'Fullerton', '59', true, 'oSIbAt', 'dluten11@mtv.com', '18:22:43.000', '11:18:24.000', '5', '99');
insert into persona (curp, esRepartidor, curpSupervisor, nombre, apellidoPaterno, apellidoMaterno, genero, fechaNacimiento, calle, codigoPostal, estado, municipio, numero, esCliente, contrasenia, email, horaSalida, horaEntrada, calificacion, numEnvios) values ('lest178753onuses74', true, 'mare777295sulk''s06', 'Sanson', 'Yukhnini', 'Gamble', 'M', '1987-05-13 13:36:14', 'Barnett', '33994', 'Florida', 'Fort Myers', '873', true, 'oNp8SkJMFtuz', 'sgamble12@go.com', '18:42:47.000', '11:32:45.000', '4', '8699');
insert into persona (curp, esRepartidor, curpSupervisor, nombre, apellidoPaterno, apellidoMaterno, genero, fechaNacimiento, calle, codigoPostal, estado, municipio, numero, esCliente, contrasenia, email, horaSalida, horaEntrada, calificacion, numEnvios) values ('yell013740tier''s86', true, 'figs290511flux''s72', 'Hill', 'Pane', 'Davidavidovics', 'M', '1917-09-12 06:16:43', 'Schmedeman', '01905', 'Massachusetts', 'Lynn', '45', true, 'nNp6Ws', 'hdavidavidovics13@dailymotion.com', '18:10:40.000', '9:31:29.000', '5', '7');
insert into persona (curp, esRepartidor, curpSupervisor, nombre, apellidoPaterno, apellidoMaterno, genero, fechaNacimiento, calle, codigoPostal, estado, municipio, numero, esCliente, contrasenia, email, horaSalida, horaEntrada, calificacion, numEnvios) values ('amir070922scab''s47', true, 'kits862195gurgle93', 'Lane', 'Elmhirst', 'Chalkly', 'F', '1938-06-13 05:05:45', 'Bultman', '89706', 'Nevada', 'Carson City', '337', true, 'qQoyE5xH0de', 'lchalkly14@g.co', '19:13:25.000', '11:00:17.000', '5', '999');
insert into persona (curp, esRepartidor, curpSupervisor, nombre, apellidoPaterno, apellidoMaterno, genero, fechaNacimiento, calle, codigoPostal, estado, municipio, numero, esCliente, contrasenia, email, horaSalida, horaEntrada, calificacion, numEnvios) values ('zoom040418syrups63', true, 'grew036851shoved77', 'Abe', 'Allanson', 'Fooks', 'M', '1958-06-09 03:17:56', 'Center', '63116', 'Missouri', 'Saint Louis', '52183', false, null, null, '19:42:40.000', '8:16:21.000', '0', '9999');
insert into persona (curp, esRepartidor, curpSupervisor, nombre, apellidoPaterno, apellidoMaterno, genero, fechaNacimiento, calle, codigoPostal, estado, municipio, numero, esCliente, contrasenia, email, horaSalida, horaEntrada, calificacion, numEnvios) values ('plea346258coring90', true, 'blow894766udders57', 'Angelica', 'Moogan', 'McKain', 'F', '1948-04-26 13:33:26', 'Stoughton', '70142', 'Louisiana', 'New Orleans', '5708', false, null, null, '17:32:17.000', '8:11:48.000', '4', '978');
insert into persona (curp, esRepartidor, curpSupervisor, nombre, apellidoPaterno, apellidoMaterno, genero, fechaNacimiento, calle, codigoPostal, estado, municipio, numero, esCliente, contrasenia, email, horaSalida, horaEntrada, calificacion, numEnvios) values ('test633413braved18', true, 'deft439821trucks07', 'Goldarina', 'Stuckley', 'Duffin', 'F', '1914-03-21 18:31:11', 'Riverside', '23228', 'Virginia', 'Richmond', '01298', true, 'hoXKmTBX', 'gduffin17@nifty.com', '17:42:51.000', '11:56:47.000', '2', '999');
insert into persona (curp, esRepartidor, curpSupervisor, nombre, apellidoPaterno, apellidoMaterno, genero, fechaNacimiento, calle, codigoPostal, estado, municipio, numero, esCliente, contrasenia, email, horaSalida, horaEntrada, calificacion, numEnvios) values ('mads613746domain14', true, 'leap658471chug''s95', 'Rosaleen', 'Timewell', 'Tirte', 'F', '1948-06-09 08:58:02', 'Straubel', '44118', 'Ohio', 'Cleveland', '6', false, null, null, '19:56:05.000', '8:17:36.000', '5', '8');
insert into persona (curp, esRepartidor, curpSupervisor, nombre, apellidoPaterno, apellidoMaterno, genero, fechaNacimiento, calle, codigoPostal, estado, municipio, numero, esCliente, contrasenia, email, horaSalida, horaEntrada, calificacion, numEnvios) values ('vast284529goggle69', true, 'look830937loiter90', 'Malchy', 'Rack', 'Hubatsch', 'M', '1978-05-08 12:24:32', 'Green Ridge', '75241', 'Texas', 'Dallas', '7', true, 'u7TfcQp0DFE', 'mhubatsch19@zimbio.com', '16:34:45.000', '11:49:59.000', '3', '99998');
insert into persona (curp, esRepartidor, curpSupervisor, nombre, apellidoPaterno, apellidoMaterno, genero, fechaNacimiento, calle, codigoPostal, estado, municipio, numero, esCliente, contrasenia, email, horaSalida, horaEntrada, calificacion, numEnvios) values ('aped565294tile''s47', true, 'jeer384898racial50', 'Linus', 'Julian', 'Paviour', 'M', '2021-05-22 14:51:43', 'Aberg', '79769', 'Texas', 'Odessa', '964', true, 'CqziMouasVGW', 'lpaviour1a@acquirethisname.com', '16:50:36.000', '11:57:34.000', '4', '399');
insert into persona (curp, esRepartidor, curpSupervisor, nombre, apellidoPaterno, apellidoMaterno, genero, fechaNacimiento, calle, codigoPostal, estado, municipio, numero, esCliente, contrasenia, email, horaSalida, horaEntrada, calificacion, numEnvios) values ('boys461303plowed87', true, 'garb897598nozzle01', 'Angil', 'Farryann', 'Pirt', 'F', '1984-12-08 03:04:39', 'Anzinger', '80915', 'Colorado', 'Colorado Springs', '815', false, null, null, '16:57:00.000', '11:36:32.000', '5', '9');
insert into persona (curp, esRepartidor, curpSupervisor, nombre, apellidoPaterno, apellidoMaterno, genero, fechaNacimiento, calle, codigoPostal, estado, municipio, numero, esCliente, contrasenia, email, horaSalida, horaEntrada, calificacion, numEnvios) values ('cute651165helm''s60', true, 'ares674654skimps59', 'Laurette', 'Abramsky', 'Theakston', 'F', '1905-07-30 03:04:42', 'Sauthoff', '80015', 'Colorado', 'Aurora', '27', true, 'ZnK4tM', 'ltheakston1c@google.it', '17:27:17.000', '8:14:02.000', '5', '8');
insert into persona (curp, esRepartidor, curpSupervisor, nombre, apellidoPaterno, apellidoMaterno, genero, fechaNacimiento, calle, codigoPostal, estado, municipio, numero, esCliente, contrasenia, email, horaSalida, horaEntrada, calificacion, numEnvios) values ('ruby015151ogling47', true, 'mugs704549kicked50', 'Natalie', 'Le Borgne', 'Jelf', 'F', '1962-10-14 13:59:21', 'Melby', '66276', 'Kansas', 'Shawnee Mission', '867', true, 'oo0mjR', 'njelf1d@clickbank.net', '16:59:29.000', '11:49:05.000', '4', '889');
insert into persona (curp, esRepartidor, curpSupervisor, nombre, apellidoPaterno, apellidoMaterno, genero, fechaNacimiento, calle, codigoPostal, estado, municipio, numero, esCliente, contrasenia, email, horaSalida, horaEntrada, calificacion, numEnvios) values ('have060955gauges68', true, 'judo218787scowls09', 'Phillipe', 'Minchella', 'Ogger', 'M', '1928-05-04 10:17:29', 'Straubel', '60657', 'Illinois', 'Chicago', '61317', false, null, null, '18:55:50.000', '11:44:37.000', '0', '99998');
insert into persona (curp, esRepartidor, curpSupervisor, nombre, apellidoPaterno, apellidoMaterno, genero, fechaNacimiento, calle, codigoPostal, estado, municipio, numero, esCliente, contrasenia, email, horaSalida, horaEntrada, calificacion, numEnvios) values ('he''s823738pout''s26', true, 'felt283005cast''s93', 'Dina', 'Swaysland', 'Terne', 'F', '1971-11-01 12:18:16', 'Gale', '55564', 'Minnesota', 'Young America', '91142', false, null, null, '19:12:05.000', '8:05:43.000', '4', '999');
insert into persona (curp, esRepartidor, curpSupervisor, nombre, apellidoPaterno, apellidoMaterno, genero, fechaNacimiento, calle, codigoPostal, estado, municipio, numero, esCliente, contrasenia, email, horaSalida, horaEntrada, calificacion, numEnvios) values ('send298277ladder39', true, 'sang992219titles43', 'Cordi', 'Winterbottom', 'Fraser', 'F', '1981-09-08 03:49:05', 'Sundown', '45440', 'Ohio', 'Dayton', '54', false, null, null, '16:57:31.000', '9:58:01.000', '5', '99');
insert into persona (curp, esRepartidor, curpSupervisor, nombre, apellidoPaterno, apellidoMaterno, genero, fechaNacimiento, calle, codigoPostal, estado, municipio, numero, esCliente, contrasenia, email, horaSalida, horaEntrada, calificacion, numEnvios) values ('dabs286497dearly60', true, 'wins593074scraps51', 'Marybelle', 'Kenner', 'Gallacher', 'F', '1931-07-13 16:39:36', 'Golf', '77045', 'Texas', 'Houston', '908', false, null, null, '17:30:57.000', '10:59:35.000', '4', '989');
insert into persona (curp, esRepartidor, curpSupervisor, nombre, apellidoPaterno, apellidoMaterno, genero, fechaNacimiento, calle, codigoPostal, estado, municipio, numero, esCliente, contrasenia, email, horaSalida, horaEntrada, calificacion, numEnvios) values ('park503627scythe88', true, 'hips289558trials39', 'Denyse', 'Sharvill', 'Gethings', 'F', '1983-01-12 02:04:56', 'Hazelcrest', '83206', 'Idaho', 'Pocatello', '2', false, null, null, '17:35:58.000', '8:29:45.000', '5', '89897');
insert into persona (curp, esRepartidor, curpSupervisor, nombre, apellidoPaterno, apellidoMaterno, genero, fechaNacimiento, calle, codigoPostal, estado, municipio, numero, esCliente, contrasenia, email, horaSalida, horaEntrada, calificacion, numEnvios) values ('cure318753sacred87', true, 'scan117964gaming97', 'Brennan', 'Woolvett', 'Matthaus', 'M', '1933-08-13 04:13:49', 'Sachtjen', '77844', 'Texas', 'College Station', '612', false, null, null, '18:06:37.000', '8:35:47.000', '1', '46988');
insert into persona (curp, esRepartidor, curpSupervisor, nombre, apellidoPaterno, apellidoMaterno, genero, fechaNacimiento, calle, codigoPostal, estado, municipio, numero, esCliente, contrasenia, email, horaSalida, horaEntrada, calificacion, numEnvios) values ('labs168648hearts13', true, 'fore609591beaten19', 'Celle', 'Bessey', 'Mattam', 'F', '1936-11-06 18:23:24', 'Mosinee', '94137', 'California', 'San Francisco', '3001', false, null, null, '18:17:14.000', '11:27:03.000', '5', '999');
insert into persona (curp, esRepartidor, curpSupervisor, nombre, apellidoPaterno, apellidoMaterno, genero, fechaNacimiento, calle, codigoPostal, estado, municipio, numero, esCliente, contrasenia, email, horaSalida, horaEntrada, calificacion, numEnvios) values ('meat596882styles68', true, 'musk860129zeroes50', 'Dunc', 'Dumelow', 'Lemmer', 'M', '1924-08-31 17:55:49', 'Eggendart', '79984', 'Texas', 'El Paso', '88', true, 'alFXXcD5W', 'dlemmer1l@mozilla.org', '16:30:47.000', '8:20:47.000', '5', '79');
insert into persona (curp, esRepartidor, curpSupervisor, nombre, apellidoPaterno, apellidoMaterno, genero, fechaNacimiento, calle, codigoPostal, estado, municipio, numero, esCliente, contrasenia, email, horaSalida, horaEntrada, calificacion, numEnvios) values ('wrap595192last''s16', true, 'byte388617nuzzle10', 'Avram', 'Speirs', 'Dillway', 'M', '1910-08-02 10:50:00', 'Eagle Crest', '33147', 'Florida', 'Miami', '1', false, null, null, '16:25:30.000', '8:20:22.000', '3', '7995');
insert into persona (curp, esRepartidor, curpSupervisor, nombre, apellidoPaterno, apellidoMaterno, genero, fechaNacimiento, calle, codigoPostal, estado, municipio, numero, esCliente, contrasenia, email, horaSalida, horaEntrada, calificacion, numEnvios) values ('tugs179614hostel14', true, 'till194022arcing86', 'Karee', 'Espinosa', 'Ducket', 'F', '2004-09-22 00:21:33', 'Melby', '33610', 'Florida', 'Tampa', '090', false, null, null, '19:45:15.000', '10:11:07.000', '3', '689');
insert into persona (curp, esRepartidor, curpSupervisor, nombre, apellidoPaterno, apellidoMaterno, genero, fechaNacimiento, calle, codigoPostal, estado, municipio, numero, esCliente, contrasenia, email, horaSalida, horaEntrada, calificacion, numEnvios) values ('know125848derail53', true, 'loaf626037aspect87', 'Melvyn', 'Petera', 'Abbado', 'M', '1958-09-17 13:40:08', 'Luster', '16522', 'Pennsylvania', 'Erie', '0897', false, null, null, '16:02:30.000', '9:07:22.000', '4', '99');
insert into persona (curp, esRepartidor, curpSupervisor, nombre, apellidoPaterno, apellidoMaterno, genero, fechaNacimiento, calle, codigoPostal, estado, municipio, numero, esCliente, contrasenia, email, horaSalida, horaEntrada, calificacion, numEnvios) values ('send679057knifes67', true, 'vets794003glided26', 'Valentino', 'Grummitt', 'Osgodby', 'M', '1987-02-08 10:25:51', 'Sundown', '47712', 'Indiana', 'Evansville', '4', true, '8hKRC37Y', 'vosgodby1p@mlb.com', '16:40:58.000', '10:21:22.000', '4', '6988');
insert into persona (curp, esRepartidor, curpSupervisor, nombre, apellidoPaterno, apellidoMaterno, genero, fechaNacimiento, calle, codigoPostal, estado, municipio, numero, esCliente, contrasenia, email, horaSalida, horaEntrada, calificacion, numEnvios) values ('pact632800cluing51', true, 'eave306094oath''s79', 'Susette', 'Eede', 'Trunkfield', 'F', '1920-11-16 18:51:47', 'Blue Bill Park', '33405', 'Florida', 'West Palm Beach', '1790', false, null, null, '18:08:04.000', '9:01:14.000', '1', '9989');
insert into persona (curp, esRepartidor, curpSupervisor, nombre, apellidoPaterno, apellidoMaterno, genero, fechaNacimiento, calle, codigoPostal, estado, municipio, numero, esCliente, contrasenia, email, horaSalida, horaEntrada, calificacion, numEnvios) values ('hymn820996censor83', true, 'dame205340denies71', 'Cissiee', 'Bryning', 'Cawson', 'F', '1958-11-09 03:49:12', '4th', '33620', 'Florida', 'Tampa', '18', true, 'XIhacs', 'ccawson1r@51.la', '19:23:32.000', '10:41:13.000', '4', '8');
insert into persona (curp, esRepartidor, curpSupervisor, nombre, apellidoPaterno, apellidoMaterno, genero, fechaNacimiento, calle, codigoPostal, estado, municipio, numero, esCliente, contrasenia, email, horaSalida, horaEntrada, calificacion, numEnvios) values ('reds360362lazier19', true, 'loth966624cleats27', 'Marcellus', 'Youll', 'Stuckes', 'M', '1924-05-13 15:28:46', 'Monica', '73142', 'Oklahoma', 'Oklahoma City', '365', false, null, null, '19:31:04.000', '8:01:22.000', '4', '89');
insert into persona (curp, esRepartidor, curpSupervisor, nombre, apellidoPaterno, apellidoMaterno, genero, fechaNacimiento, calle, codigoPostal, estado, municipio, numero, esCliente, contrasenia, email, horaSalida, horaEntrada, calificacion, numEnvios) values ('dung247711fogy''s05', true, 'life685451boldly80', 'Carley', 'Pollicatt', 'Breakspear', 'F', '1959-01-31 04:58:11', 'Stephen', '62718', 'Illinois', 'Springfield', '1', true, 'smSHsyPP8l', 'cbreakspear1t@ycombinator.com', '17:15:26.000', '11:39:41.000', '5', '8');
insert into persona (curp, esRepartidor, curpSupervisor, nombre, apellidoPaterno, apellidoMaterno, genero, fechaNacimiento, calle, codigoPostal, estado, municipio, numero, esCliente, contrasenia, email, horaSalida, horaEntrada, calificacion, numEnvios) values ('gone637910behave25', true, 'baud307524tombed48', 'Skipper', 'Goodale', 'Oxenford', 'M', '1929-11-22 22:05:44', 'Emmet', '77288', 'Texas', 'Houston', '7345', false, null, null, '19:02:44.000', '11:49:27.000', '2', '68969');
insert into persona (curp, esRepartidor, curpSupervisor, nombre, apellidoPaterno, apellidoMaterno, genero, fechaNacimiento, calle, codigoPostal, estado, municipio, numero, esCliente, contrasenia, email, horaSalida, horaEntrada, calificacion, numEnvios) values ('pram401029fumble81', true, 'cosy683061outing84', 'Jabez', 'Riatt', 'MacAllaster', 'M', '2020-07-30 01:15:50', 'Eagan', '77030', 'Texas', 'Houston', '91230', false, null, null, '17:40:18.000', '9:04:53.000', '2', '98989');
insert into persona (curp, esRepartidor, curpSupervisor, nombre, apellidoPaterno, apellidoMaterno, genero, fechaNacimiento, calle, codigoPostal, estado, municipio, numero, esCliente, contrasenia, email, horaSalida, horaEntrada, calificacion, numEnvios) values ('lump319403jostle73', true, 'yard230769hockey50', 'Maddy', 'Chilley', 'Ambrosoli', 'M', '1934-08-11 04:46:52', 'Esch', '28284', 'North Carolina', 'Charlotte', '5391', true, '7QJmrZ1Lp3oE', 'mambrosoli1w@freewebs.com', '19:38:44.000', '11:21:27.000', '5', '78988');
insert into persona (curp, esRepartidor, curpSupervisor, nombre, apellidoPaterno, apellidoMaterno, genero, fechaNacimiento, calle, codigoPostal, estado, municipio, numero, esCliente, contrasenia, email, horaSalida, horaEntrada, calificacion, numEnvios) values ('tart083760etched04', true, 'book247474alines62', 'Karlan', 'Itzchaky', 'Antosch', 'M', '1950-05-14 06:01:24', 'Almo', '73124', 'Oklahoma', 'Oklahoma City', '6940', false, null, null, '16:24:47.000', '11:01:27.000', '5', '9');
insert into persona (curp, esRepartidor, curpSupervisor, nombre, apellidoPaterno, apellidoMaterno, genero, fechaNacimiento, calle, codigoPostal, estado, municipio, numero, esCliente, contrasenia, email, horaSalida, horaEntrada, calificacion, numEnvios) values ('path926323preens58', true, 'whir196381hoot''s81', 'Candi', 'Choke', 'Brisland', 'F', '1937-04-08 09:53:22', 'Pankratz', '33737', 'Florida', 'Saint Petersburg', '247', false, null, null, '19:10:48.000', '11:30:36.000', '1', '88995');
insert into persona (curp, esRepartidor, curpSupervisor, nombre, apellidoPaterno, apellidoMaterno, genero, fechaNacimiento, calle, codigoPostal, estado, municipio, numero, esCliente, contrasenia, email, horaSalida, horaEntrada, calificacion, numEnvios) values ('alas545356lime''s50', true, 'sped417315deer''s11', 'Birgitta', 'Thomazet', 'Blasing', 'F', '1995-05-14 03:17:36', 'Cody', '88535', 'Texas', 'El Paso', '73401', false, null, null, '17:03:02.000', '9:13:45.000', '3', '74998');
insert into persona (curp, esRepartidor, curpSupervisor, nombre, apellidoPaterno, apellidoMaterno, genero, fechaNacimiento, calle, codigoPostal, estado, municipio, numero, esCliente, contrasenia, email, horaSalida, horaEntrada, calificacion, numEnvios) values ('wash814528bastes87', true, 'rubs719999sprain28', 'Keith', 'Bollon', 'Ingman', 'M', '1913-09-18 17:20:26', 'Cordelia', '33805', 'Florida', 'Lakeland', '8292', false, null, null, '18:27:14.000', '11:13:51.000', '5', '868');
insert into persona (curp, esRepartidor, curpSupervisor, nombre, apellidoPaterno, apellidoMaterno, genero, fechaNacimiento, calle, codigoPostal, estado, municipio, numero, esCliente, contrasenia, email, horaSalida, horaEntrada, calificacion, numEnvios) values ('tuck458487rating04', true, 'cope695755recite01', 'Jameson', 'Slorach', 'Amery', 'M', '1948-05-29 10:47:59', 'Towne', '79940', 'Texas', 'El Paso', '7', true, 'D1WjTnnLm3j', 'jamery21@npr.org', '18:21:33.000', '11:05:13.000', '5', '99');
insert into persona (curp, esRepartidor, curpSupervisor, nombre, apellidoPaterno, apellidoMaterno, genero, fechaNacimiento, calle, codigoPostal, estado, municipio, numero, esCliente, contrasenia, email, horaSalida, horaEntrada, calificacion, numEnvios) values ('book103947sneaks17', true, 'wear642634mauled48', 'Marlon', 'Mithan', 'Luther', 'M', '1963-04-25 22:02:02', 'Miller', '54305', 'Wisconsin', 'Green Bay', '3', true, 'gtq9JUWjO5', 'mluther22@wired.com', '17:41:26.000', '10:23:11.000', '4', '7999');
insert into persona (curp, esRepartidor, curpSupervisor, nombre, apellidoPaterno, apellidoMaterno, genero, fechaNacimiento, calle, codigoPostal, estado, municipio, numero, esCliente, contrasenia, email, horaSalida, horaEntrada, calificacion, numEnvios) values ('lids674827fuel''s77', true, 'dung916543nectar20', 'Hebert', 'Lodewick', 'Overthrow', 'M', '1934-04-04 03:29:53', 'Almo', '33462', 'Florida', 'Lake Worth', '4', false, null, null, '18:57:33.000', '10:31:58.000', '5', '0937');
insert into persona (curp, esRepartidor, curpSupervisor, nombre, apellidoPaterno, apellidoMaterno, genero, fechaNacimiento, calle, codigoPostal, estado, municipio, numero, esCliente, contrasenia, email, horaSalida, horaEntrada, calificacion, numEnvios) values ('cape031683debuts02', true, 'coax843044sludge57', 'Lucho', 'O''Caine', 'Gewer', 'M', '2016-08-25 09:31:42', 'Bayside', '55436', 'Minnesota', 'Minneapolis', '6038', true, 'JJbLSU', 'lgewer24@symantec.com', '16:58:36.000', '9:22:29.000', '3', '77698');
insert into persona (curp, esRepartidor, curpSupervisor, nombre, apellidoPaterno, apellidoMaterno, genero, fechaNacimiento, calle, codigoPostal, estado, municipio, numero, esCliente, contrasenia, email, horaSalida, horaEntrada, calificacion, numEnvios) values ('wall188631wrings95', true, 'tale262697duplex20', 'Michal', 'Molen', 'Scarlin', 'M', '1995-09-07 01:18:18', 'Glacier Hill', '31998', 'Georgia', 'Columbus', '2', true, 'EMrUR7IJ', 'mscarlin25@wikispaces.com', '19:54:25.000', '8:40:55.000', '4', '797');
insert into persona (curp, esRepartidor, curpSupervisor, nombre, apellidoPaterno, apellidoMaterno, genero, fechaNacimiento, calle, codigoPostal, estado, municipio, numero, esCliente, contrasenia, email, horaSalida, horaEntrada, calificacion, numEnvios) values ('lust008423heifer17', true, 'peek853829pilfer58', 'Rona', 'Buyers', 'Huebner', 'F', '1946-12-15 16:48:46', 'Forest Dale', '80044', 'Colorado', 'Aurora', '254', true, 'd7fDYVlR8nj', 'rhuebner26@ebay.co.uk', '18:49:54.000', '11:45:09.000', '2', '99');
insert into persona (curp, esRepartidor, curpSupervisor, nombre, apellidoPaterno, apellidoMaterno, genero, fechaNacimiento, calle, codigoPostal, estado, municipio, numero, esCliente, contrasenia, email, horaSalida, horaEntrada, calificacion, numEnvios) values ('knee105683wirier09', true, 'snow192513prison06', 'Sophronia', 'Wennington', 'Danniell', 'F', '1980-10-22 21:40:11', 'Fair Oaks', '85010', 'Arizona', 'Phoenix', '48653', false, null, null, '16:25:30.000', '9:45:59.000', '5', '599');
insert into persona (curp, esRepartidor, curpSupervisor, nombre, apellidoPaterno, apellidoMaterno, genero, fechaNacimiento, calle, codigoPostal, estado, municipio, numero, esCliente, contrasenia, email, horaSalida, horaEntrada, calificacion, numEnvios) values ('ooze534266depart13', true, 'draw677814cougar28', 'Gabriele', 'Birdseye', 'Harteley', 'M', '2009-10-07 07:57:42', 'New Castle', '33310', 'Florida', 'Fort Lauderdale', '0', false, null, null, '19:59:12.000', '8:23:14.000', '5', '959');
insert into persona (curp, esRepartidor, curpSupervisor, nombre, apellidoPaterno, apellidoMaterno, genero, fechaNacimiento, calle, codigoPostal, estado, municipio, numero, esCliente, contrasenia, email, horaSalida, horaEntrada, calificacion, numEnvios) values ('avow162546weaves19', true, 'goof776631mussed12', 'Carol-jean', 'Windross', 'Milleton', 'F', '2018-08-28 00:21:34', 'Graceland', '12255', 'New York', 'Albany', '63772', false, null, null, '18:16:59.000', '10:18:03.000', '5', '57986');
insert into persona (curp, esRepartidor, curpSupervisor, nombre, apellidoPaterno, apellidoMaterno, genero, fechaNacimiento, calle, codigoPostal, estado, municipio, numero, esCliente, contrasenia, email, horaSalida, horaEntrada, calificacion, numEnvios) values ('blew876717struck93', true, 'like620172breezy61', 'Dana', 'Connechy', 'Totterdill', 'M', '1961-02-06 19:16:38', 'Lindbergh', '33129', 'Florida', 'Miami', '34937', false, null, null, '18:37:00.000', '9:51:47.000', '4', '8889');
insert into persona (curp, esRepartidor, curpSupervisor, nombre, apellidoPaterno, apellidoMaterno, genero, fechaNacimiento, calle, codigoPostal, estado, municipio, numero, esCliente, contrasenia, email, horaSalida, horaEntrada, calificacion, numEnvios) values ('heir003329elopes84', true, 'lieu768337lack''s36', 'Bert', 'Rowcastle', 'Parades', 'F', '1969-04-13 03:31:11', 'Kensington', '80951', 'Colorado', 'Colorado Springs', '224', true, 'jKHT3cK', 'bparades2b@mediafire.com', '18:10:02.000', '10:55:10.000', '5', '996');
insert into persona (curp, esRepartidor, curpSupervisor, nombre, apellidoPaterno, apellidoMaterno, genero, fechaNacimiento, calle, codigoPostal, estado, municipio, numero, esCliente, contrasenia, email, horaSalida, horaEntrada, calificacion, numEnvios) values ('gust352016stayed96', true, 'math265225reside33', 'Jens', 'Jouanet', 'Misken', 'M', '1991-12-02 19:40:48', 'Shoshone', '83705', 'Idaho', 'Boise', '29', false, null, null, '17:59:07.000', '11:38:47.000', '3', '899');
insert into persona (curp, esRepartidor, curpSupervisor, nombre, apellidoPaterno, apellidoMaterno, genero, fechaNacimiento, calle, codigoPostal, estado, municipio, numero, esCliente, contrasenia, email, horaSalida, horaEntrada, calificacion, numEnvios) values ('ices997323dupe''s76', true, 'slag466256excise72', 'Iver', 'Camier', 'Chessil', 'M', '1995-07-07 11:06:02', 'Crest Line', '10105', 'New York', 'New York City', '93', false, null, null, '17:43:22.000', '11:00:18.000', '5', '7999');
insert into persona (curp, esRepartidor, curpSupervisor, nombre, apellidoPaterno, apellidoMaterno, genero, fechaNacimiento, calle, codigoPostal, estado, municipio, numero, esCliente, contrasenia, email, horaSalida, horaEntrada, calificacion, numEnvios) values ('loan153047scours50', true, 'loll289820foul''s01', 'Durward', 'Mowsdell', 'Torrie', 'M', '1913-06-06 20:39:09', 'Hermina', '75221', 'Texas', 'Dallas', '059', true, 'nKtmRO9iGj', 'dtorrie2e@ca.gov', '16:13:39.000', '10:46:51.000', '5', '998');
insert into persona (curp, esRepartidor, curpSupervisor, nombre, apellidoPaterno, apellidoMaterno, genero, fechaNacimiento, calle, codigoPostal, estado, municipio, numero, esCliente, contrasenia, email, horaSalida, horaEntrada, calificacion, numEnvios) values ('fret940725donuts63', true, 'mast770953brutal10', 'Ernst', 'Warlton', 'Cawthry', 'M', '1908-12-06 03:13:18', 'Forster', '27658', 'North Carolina', 'Raleigh', '876', false, null, null, '19:49:57.000', '8:15:55.000', '5', '79687');
insert into persona (curp, esRepartidor, curpSupervisor, nombre, apellidoPaterno, apellidoMaterno, genero, fechaNacimiento, calle, codigoPostal, estado, municipio, numero, esCliente, contrasenia, email, horaSalida, horaEntrada, calificacion, numEnvios) values ('kelp795000lazied08', true, 'foot917331bank''s40', 'Selie', 'Fissenden', 'Ather', 'F', '1911-04-16 18:12:55', 'Hoffman', '78245', 'Texas', 'San Antonio', '50', false, null, null, '17:55:02.000', '8:49:13.000', '5', '97');
insert into persona (curp, esRepartidor, curpSupervisor, nombre, apellidoPaterno, apellidoMaterno, genero, fechaNacimiento, calle, codigoPostal, estado, municipio, numero, esCliente, contrasenia, email, horaSalida, horaEntrada, calificacion, numEnvios) values ('ouch671160curves56', true, 'woos931599calmly69', 'Rolf', 'Stirtle', 'Sibbering', 'M', '1918-02-14 13:39:38', 'Sunnyside', '60351', 'Illinois', 'Carol Stream', '9166', true, 'BMlIeuYaJf', 'rsibbering2h@bigcartel.com', '18:57:48.000', '9:15:16.000', '5', '999');
insert into persona (curp, esRepartidor, curpSupervisor, nombre, apellidoPaterno, apellidoMaterno, genero, fechaNacimiento, calle, codigoPostal, estado, municipio, numero, esCliente, contrasenia, email, horaSalida, horaEntrada, calificacion, numEnvios) values ('user291615spew''s88', true, 'mean374400haul''s32', 'Lawton', 'Haslock(e)', 'Martinat', 'M', '1968-09-15 01:13:46', 'Twin Pines', '55585', 'Minnesota', 'Monticello', '8551', true, 'zxLtsdg', 'lmartinat2i@sbwire.com', '16:42:07.000', '8:25:55.000', '2', '9');
insert into persona (curp, esRepartidor, curpSupervisor, nombre, apellidoPaterno, apellidoMaterno, genero, fechaNacimiento, calle, codigoPostal, estado, municipio, numero, esCliente, contrasenia, email, horaSalida, horaEntrada, calificacion, numEnvios) values ('crux252832stared81', true, 'ears839603ampere67', 'Heriberto', 'Ferschke', 'Spare', 'M', '1955-07-21 15:56:20', 'Blue Bill Park', '35815', 'Alabama', 'Huntsville', '852', false, null, null, '19:05:59.000', '8:42:30.000', '5', '7');
insert into persona (curp, esRepartidor, curpSupervisor, nombre, apellidoPaterno, apellidoMaterno, genero, fechaNacimiento, calle, codigoPostal, estado, municipio, numero, esCliente, contrasenia, email, horaSalida, horaEntrada, calificacion, numEnvios) values ('shut840080curves21', true, 'iris047083mutest62', 'Sly', 'Thurske', 'Greeveson', 'M', '1985-11-29 18:34:28', 'Bluestem', '32520', 'Florida', 'Pensacola', '5', true, 'iEaMue7u', 'sgreeveson2k@who.int', '19:14:50.000', '11:27:47.000', '5', '598');
insert into persona (curp, esRepartidor, curpSupervisor, nombre, apellidoPaterno, apellidoMaterno, genero, fechaNacimiento, calle, codigoPostal, estado, municipio, numero, esCliente, contrasenia, email, horaSalida, horaEntrada, calificacion, numEnvios) values ('fine569673incest46', true, 'mill685420noises19', 'Angel', 'Tombleson', 'Trenchard', 'F', '1995-06-19 22:17:41', 'Lakewood Gardens', '48901', 'Michigan', 'Lansing', '01001', true, 'WcgGtywKY', 'atrenchard2l@t.co', '16:32:26.000', '10:06:13.000', '5', '8699');
insert into persona (curp, esRepartidor, curpSupervisor, nombre, apellidoPaterno, apellidoMaterno, genero, fechaNacimiento, calle, codigoPostal, estado, municipio, numero, esCliente, contrasenia, email, horaSalida, horaEntrada, calificacion, numEnvios) values ('ores449124failed29', true, 'tail754832meshes39', 'Tobe', 'Gingell', 'Prawle', 'F', '1960-03-09 10:04:36', 'Fairview', '02162', 'Massachusetts', 'Newton', '571', false, null, null, '17:24:10.000', '10:54:40.000', '4', '9');
insert into persona (curp, esRepartidor, curpSupervisor, nombre, apellidoPaterno, apellidoMaterno, genero, fechaNacimiento, calle, codigoPostal, estado, municipio, numero, esCliente, contrasenia, email, horaSalida, horaEntrada, calificacion, numEnvios) values ('go''s692244relied09', true, 'hick994091cartel90', 'Leonardo', 'Stanbra', 'Burnhams', 'M', '1915-06-01 20:10:31', 'Mariners Cove', '33913', 'Florida', 'Fort Myers', '97960', false, null, null, '16:36:22.000', '9:46:03.000', '1', '8');
insert into persona (curp, esRepartidor, curpSupervisor, nombre, apellidoPaterno, apellidoMaterno, genero, fechaNacimiento, calle, codigoPostal, estado, municipio, numero, esCliente, contrasenia, email, horaSalida, horaEntrada, calificacion, numEnvios) values ('year845382greens37', true, 'gene633939hashed35', 'Tobie', 'Bazeley', 'Splain', 'M', '2019-12-10 14:54:31', 'Hazelcrest', '63167', 'Missouri', 'Saint Louis', '71433', false, null, null, '17:57:23.000', '10:25:36.000', '5', '8');
insert into persona (curp, esRepartidor, curpSupervisor, nombre, apellidoPaterno, apellidoMaterno, genero, fechaNacimiento, calle, codigoPostal, estado, municipio, numero, esCliente, contrasenia, email, horaSalida, horaEntrada, calificacion, numEnvios) values ('teas835630poured24', true, 'flop893631sock''s95', 'Corey', 'A''field', 'Vittle', 'F', '1911-10-30 12:46:59', 'Fairfield', '97306', 'Oregon', 'Salem', '53', false, null, null, '16:31:07.000', '8:21:54.000', '4', '6998');
insert into persona (curp, esRepartidor, curpSupervisor, nombre, apellidoPaterno, apellidoMaterno, genero, fechaNacimiento, calle, codigoPostal, estado, municipio, numero, esCliente, contrasenia, email, horaSalida, horaEntrada, calificacion, numEnvios) values ('blur469967jumper12', true, 'dine425408delude08', 'Channa', 'Hairyes', 'McCrorie', 'F', '1942-03-22 02:20:08', 'Kipling', '34665', 'Florida', 'Pinellas Park', '6457', false, null, null, '16:23:06.000', '10:47:26.000', '5', '929');
insert into persona (curp, esRepartidor, curpSupervisor, nombre, apellidoPaterno, apellidoMaterno, genero, fechaNacimiento, calle, codigoPostal, estado, municipio, numero, esCliente, contrasenia, email, horaSalida, horaEntrada, calificacion, numEnvios) values ('mush692558glared88', true, 'flag332473piddle59', 'Celinka', 'Horsewood', 'Yu', 'F', '1980-01-16 05:22:41', 'Boyd', '02298', 'Massachusetts', 'Boston', '2788', true, '9naOjMk', 'cyu2r@mashable.com', '16:48:57.000', '9:40:35.000', '4', '9');

insert into efectivo (idDinero, curp, monto) values ('851902668336141026', 'gyms221925renege81', '$275.14');
insert into efectivo (idDinero, curp, monto) values ('223019179352409258', 'shut723875delete41', '$419.98');
insert into efectivo (idDinero, curp, monto) values ('904335533831523467', 'grab719350cursed85', '$855.56');
insert into efectivo (idDinero, curp, monto) values ('711192128795527856', 'sewn354050wanted19', '$193.02');
insert into efectivo (idDinero, curp, monto) values ('131390067766209213', 'meat825566adjust44', '$327.53');
insert into efectivo (idDinero, curp, monto) values ('864014237769802165', 'toll581519dogged76', '$567.95');
insert into efectivo (idDinero, curp, monto) values ('336609001094545056', 'molt335949logger89', '$60.41');
insert into efectivo (idDinero, curp, monto) values ('457812375004659718', 'vans014208folder88', '$98.80');
insert into efectivo (idDinero, curp, monto) values ('895657780280649691', 'wipe870086flocks65', '$46.94');
insert into efectivo (idDinero, curp, monto) values ('266244662937618766', 'jump322421seamed53', '$408.11');
insert into efectivo (idDinero, curp, monto) values ('251589517967985669', 'true668029laying06', '$954.00');
insert into efectivo (idDinero, curp, monto) values ('588609171412459992', 'womb306727chokes85', '$677.75');
insert into efectivo (idDinero, curp, monto) values ('903653053832696382', 'knew729866births54', '$321.97');
insert into efectivo (idDinero, curp, monto) values ('113742307840139272', 'raps555989vine''s11', '$668.56');
insert into efectivo (idDinero, curp, monto) values ('148296970959344508', 'if''s792641idling26', '$72.44');
insert into efectivo (idDinero, curp, monto) values ('576120189235185481', 'arid283999panics93', '$818.84');
insert into efectivo (idDinero, curp, monto) values ('165607596541275571', 'slip819260miring70', '$467.45');
insert into efectivo (idDinero, curp, monto) values ('822045843685376314', 'soli052586server47', '$7.47');
insert into efectivo (idDinero, curp, monto) values ('233634380475115326', 'airs089958poet''s56', '$922.31');
insert into efectivo (idDinero, curp, monto) values ('713546627042013174', 'lips540883unborn44', '$664.43');
insert into efectivo (idDinero, curp, monto) values ('306695401991921441', 'lime765581band''s30', '$887.51');
insert into efectivo (idDinero, curp, monto) values ('268299875024804025', 'goof552020ninety78', '$793.02');
insert into efectivo (idDinero, curp, monto) values ('170422519821225316', 'oafs506426pair''s45', '$88.92');
insert into efectivo (idDinero, curp, monto) values ('482569338645786481', 'runt970321evened11', '$368.03');
insert into efectivo (idDinero, curp, monto) values ('310735785129427117', 'wage382942skulls45', '$745.29');
insert into efectivo (idDinero, curp, monto) values ('646494358702118182', 'grew025991laurel88', '$436.47');
insert into efectivo (idDinero, curp, monto) values ('282517626237086045', 'ovum048824pushes77', '$38.34');
insert into efectivo (idDinero, curp, monto) values ('195258499717551191', 'fern601259bonier87', '$542.91');
insert into efectivo (idDinero, curp, monto) values ('974494202748497379', 'hubs821187teller98', '$418.49');
insert into efectivo (idDinero, curp, monto) values ('290297218672523559', 'pies207844busily88', '$767.01');
insert into efectivo (idDinero, curp, monto) values ('117687341288852545', 'pens087133derive55', '$309.17');
insert into efectivo (idDinero, curp, monto) values ('204159892580954642', 'bold436156upbeat82', '$476.42');
insert into efectivo (idDinero, curp, monto) values ('543481994266500287', 'urns540889poking97', '$358.31');
insert into efectivo (idDinero, curp, monto) values ('612979560093105060', 'loon359041eights99', '$537.42');
insert into efectivo (idDinero, curp, monto) values ('758189544825833127', 'grew149974éclair18', '$846.20');
insert into efectivo (idDinero, curp, monto) values ('494357454914268031', 'oral686060biases88', '$485.78');
insert into efectivo (idDinero, curp, monto) values ('881815646704431431', 'bare655677ridded61', '$817.39');
insert into efectivo (idDinero, curp, monto) values ('284423352011583125', 'MS''s431985holler41', '$169.24');
insert into efectivo (idDinero, curp, monto) values ('321375391495796803', 'lest178753onuses74', '$581.24');
insert into efectivo (idDinero, curp, monto) values ('776138240914361223', 'yell013740tier''s86', '$781.71');
insert into efectivo (idDinero, curp, monto) values ('970415139799672548', 'amir070922scab''s47', '$218.25');
insert into efectivo (idDinero, curp, monto) values ('011894256351112378', 'zoom040418syrups63', '$181.74');
insert into efectivo (idDinero, curp, monto) values ('156586075146219576', 'plea346258coring90', '$777.15');
insert into efectivo (idDinero, curp, monto) values ('134274821663598459', 'test633413braved18', '$830.83');
insert into efectivo (idDinero, curp, monto) values ('072564989969834172', 'mads613746domain14', '$305.98');
insert into efectivo (idDinero, curp, monto) values ('065786811193932522', 'vast284529goggle69', '$942.46');
insert into efectivo (idDinero, curp, monto) values ('302274710887514685', 'aped565294tile''s47', '$849.66');
insert into efectivo (idDinero, curp, monto) values ('635343862918278910', 'boys461303plowed87', '$173.44');
insert into efectivo (idDinero, curp, monto) values ('285720255477163022', 'cute651165helm''s60', '$363.45');
insert into efectivo (idDinero, curp, monto) values ('803964233454763932', 'ruby015151ogling47', '$882.78');
insert into efectivo (idDinero, curp, monto) values ('185956103990016858', 'have060955gauges68', '$580.39');
insert into efectivo (idDinero, curp, monto) values ('650288424786040213', 'he''s823738pout''s26', '$883.00');
insert into efectivo (idDinero, curp, monto) values ('862679056278807359', 'send298277ladder39', '$485.85');
insert into efectivo (idDinero, curp, monto) values ('740734002010631038', 'dabs286497dearly60', '$427.83');
insert into efectivo (idDinero, curp, monto) values ('513914819755081568', 'park503627scythe88', '$186.02');
insert into efectivo (idDinero, curp, monto) values ('374938109510161490', 'cure318753sacred87', '$342.66');
insert into efectivo (idDinero, curp, monto) values ('917313157105441337', 'labs168648hearts13', '$277.12');
insert into efectivo (idDinero, curp, monto) values ('278277223311389376', 'meat596882styles68', '$584.64');
insert into efectivo (idDinero, curp, monto) values ('805952753289900427', 'wrap595192last''s16', '$326.28');
insert into efectivo (idDinero, curp, monto) values ('818195275716792249', 'tugs179614hostel14', '$578.75');
insert into efectivo (idDinero, curp, monto) values ('337759268055114779', 'know125848derail53', '$664.94');
insert into efectivo (idDinero, curp, monto) values ('424282038548907585', 'send679057knifes67', '$94.77');
insert into efectivo (idDinero, curp, monto) values ('004974166643984293', 'pact632800cluing51', '$375.78');
insert into efectivo (idDinero, curp, monto) values ('032209575486812992', 'hymn820996censor83', '$75.15');
insert into efectivo (idDinero, curp, monto) values ('398287403750507139', 'reds360362lazier19', '$734.20');
insert into efectivo (idDinero, curp, monto) values ('628446290064859650', 'dung247711fogy''s05', '$750.97');
insert into efectivo (idDinero, curp, monto) values ('187394211072685168', 'gone637910behave25', '$966.05');
insert into efectivo (idDinero, curp, monto) values ('437408382404876799', 'pram401029fumble81', '$478.72');
insert into efectivo (idDinero, curp, monto) values ('381072802244312838', 'lump319403jostle73', '$883.20');
insert into efectivo (idDinero, curp, monto) values ('079508066934828038', 'tart083760etched04', '$525.14');
insert into efectivo (idDinero, curp, monto) values ('103482430322296536', 'path926323preens58', '$213.56');
insert into efectivo (idDinero, curp, monto) values ('783337973461310914', 'alas545356lime''s50', '$769.79');
insert into efectivo (idDinero, curp, monto) values ('829182350811732477', 'wash814528bastes87', '$782.65');
insert into efectivo (idDinero, curp, monto) values ('853625259653728518', 'tuck458487rating04', '$127.55');
insert into efectivo (idDinero, curp, monto) values ('234615819283789349', 'book103947sneaks17', '$157.57');
insert into efectivo (idDinero, curp, monto) values ('974967918319322548', 'lids674827fuel''s77', '$83.09');
insert into efectivo (idDinero, curp, monto) values ('548318954232747177', 'cape031683debuts02', '$547.87');
insert into efectivo (idDinero, curp, monto) values ('661327333451001834', 'wall188631wrings95', '$548.15');
insert into efectivo (idDinero, curp, monto) values ('719807244835050178', 'lust008423heifer17', '$733.99');
insert into efectivo (idDinero, curp, monto) values ('822350295111514948', 'knee105683wirier09', '$975.72');
insert into efectivo (idDinero, curp, monto) values ('414552459174117824', 'ooze534266depart13', '$280.76');
insert into efectivo (idDinero, curp, monto) values ('744206445214283238', 'avow162546weaves19', '$934.99');
insert into efectivo (idDinero, curp, monto) values ('617768604189300249', 'blew876717struck93', '$112.13');
insert into efectivo (idDinero, curp, monto) values ('615695915194422256', 'heir003329elopes84', '$379.04');
insert into efectivo (idDinero, curp, monto) values ('987520847828016899', 'gust352016stayed96', '$867.12');
insert into efectivo (idDinero, curp, monto) values ('370106835186931111', 'ices997323dupe''s76', '$50.22');
insert into efectivo (idDinero, curp, monto) values ('718767900877384599', 'loan153047scours50', '$252.47');
insert into efectivo (idDinero, curp, monto) values ('713793218386635609', 'fret940725donuts63', '$606.51');
insert into efectivo (idDinero, curp, monto) values ('373379556507527255', 'kelp795000lazied08', '$851.03');
insert into efectivo (idDinero, curp, monto) values ('348721624506408017', 'ouch671160curves56', '$877.94');
insert into efectivo (idDinero, curp, monto) values ('380189904610877886', 'user291615spew''s88', '$74.65');
insert into efectivo (idDinero, curp, monto) values ('343729500013645405', 'crux252832stared81', '$12.78');
insert into efectivo (idDinero, curp, monto) values ('452226874246984537', 'shut840080curves21', '$564.57');
insert into efectivo (idDinero, curp, monto) values ('944422896212202328', 'fine569673incest46', '$917.48');
insert into efectivo (idDinero, curp, monto) values ('663403413514768699', 'ores449124failed29', '$802.02');
insert into efectivo (idDinero, curp, monto) values ('234593139557535998', 'go''s692244relied09', '$934.61');
insert into efectivo (idDinero, curp, monto) values ('605118274152411558', 'year845382greens37', '$637.31');
insert into efectivo (idDinero, curp, monto) values ('052655454546170945', 'teas835630poured24', '$676.76');
insert into efectivo (idDinero, curp, monto) values ('896197369517931308', 'blur469967jumper12', '$825.50');
insert into efectivo (idDinero, curp, monto) values ('147943273909379445', 'mush692558glared88', '$287.25');

insert into tarjeta (numero, curp, titular, vencimiento, ccv, tipo) values ('5108759770375732', 'gyms221925renege81', 'Sholom', '2022-06-17 19:10:54', '865', 'DÉBITO');
insert into tarjeta (numero, curp, titular, vencimiento, ccv, tipo) values ('5048370903425916', 'shut723875delete41', 'Lowe', '2023-07-28 07:33:28', '909', 'DÉBITO');
insert into tarjeta (numero, curp, titular, vencimiento, ccv, tipo) values ('5048372898886987', 'grab719350cursed85', 'Davina', '2024-01-21 22:25:34', '937', 'DÉBITO');
insert into tarjeta (numero, curp, titular, vencimiento, ccv, tipo) values ('5108751746272580', 'sewn354050wanted19', 'Annnora', '2025-01-07 09:27:31', '385', 'CRÉDITO');
insert into tarjeta (numero, curp, titular, vencimiento, ccv, tipo) values ('5108755000638329', 'meat825566adjust44', 'Claiborne', '2024-07-27 12:09:53', '909', 'DÉBITO');
insert into tarjeta (numero, curp, titular, vencimiento, ccv, tipo) values ('5108755769720193', 'toll581519dogged76', 'Holly-anne', '2025-03-25 23:21:00', '881', 'DÉBITO');
insert into tarjeta (numero, curp, titular, vencimiento, ccv, tipo) values ('5048379506216408', 'molt335949logger89', 'Donny', '2025-01-15 17:53:10', '380', 'CRÉDITO');
insert into tarjeta (numero, curp, titular, vencimiento, ccv, tipo) values ('5108754882373089', 'vans014208folder88', 'Hally', '2025-09-06 11:20:14', '709', 'DÉBITO');
insert into tarjeta (numero, curp, titular, vencimiento, ccv, tipo) values ('5048377505989652', 'wipe870086flocks65', 'Murray', '2023-09-01 17:48:28', '358', 'CRÉDITO');
insert into tarjeta (numero, curp, titular, vencimiento, ccv, tipo) values ('5108754299608986', 'jump322421seamed53', 'Nettle', '2023-05-14 19:27:49', '801', 'DÉBITO');
insert into tarjeta (numero, curp, titular, vencimiento, ccv, tipo) values ('5108753799073717', 'true668029laying06', 'Bradly', '2022-07-13 21:52:02', '972', 'DÉBITO');
insert into tarjeta (numero, curp, titular, vencimiento, ccv, tipo) values ('5108758700036208', 'womb306727chokes85', 'Arch', '2023-07-09 12:29:02', '417', 'CRÉDITO');
insert into tarjeta (numero, curp, titular, vencimiento, ccv, tipo) values ('5048370471373472', 'knew729866births54', 'Glad', '2023-07-10 10:35:29', '509', 'DÉBITO');
insert into tarjeta (numero, curp, titular, vencimiento, ccv, tipo) values ('5108755895646130', 'raps555989vine''s11', 'Richmound', '2025-10-10 02:13:13', '524', 'DÉBITO');
insert into tarjeta (numero, curp, titular, vencimiento, ccv, tipo) values ('5048376723005184', 'if''s792641idling26', 'Bertina', '2023-11-01 07:07:03', '832', 'DÉBITO');
insert into tarjeta (numero, curp, titular, vencimiento, ccv, tipo) values ('5048371193062286', 'arid283999panics93', 'Wat', '2025-05-05 23:54:06', '217', 'CRÉDITO');
insert into tarjeta (numero, curp, titular, vencimiento, ccv, tipo) values ('5048377716604033', 'slip819260miring70', 'Town', '2024-04-08 05:41:38', '494', 'CRÉDITO');
insert into tarjeta (numero, curp, titular, vencimiento, ccv, tipo) values ('5108751546279553', 'soli052586server47', 'Garrett', '2023-11-13 17:17:54', '461', 'CRÉDITO');
insert into tarjeta (numero, curp, titular, vencimiento, ccv, tipo) values ('5048377483114729', 'airs089958poet''s56', 'Ramsay', '2023-02-05 08:01:18', '859', 'DÉBITO');
insert into tarjeta (numero, curp, titular, vencimiento, ccv, tipo) values ('5108759441659332', 'lips540883unborn44', 'Abey', '2024-06-07 00:33:04', '214', 'CRÉDITO');
insert into tarjeta (numero, curp, titular, vencimiento, ccv, tipo) values ('5108757300187056', 'lime765581band''s30', 'Grete', '2022-11-21 12:39:38', '032', 'CRÉDITO');
insert into tarjeta (numero, curp, titular, vencimiento, ccv, tipo) values ('5108753863360909', 'goof552020ninety78', 'Viviene', '2025-05-03 13:17:45', '097', 'CRÉDITO');
insert into tarjeta (numero, curp, titular, vencimiento, ccv, tipo) values ('5108756863162514', 'oafs506426pair''s45', 'Brandyn', '2022-12-16 17:04:20', '946', 'DÉBITO');
insert into tarjeta (numero, curp, titular, vencimiento, ccv, tipo) values ('5048374636820310', 'runt970321evened11', 'Gonzalo', '2021-04-17 13:05:41', '494', 'CRÉDITO');
insert into tarjeta (numero, curp, titular, vencimiento, ccv, tipo) values ('5108758619772984', 'wage382942skulls45', 'Glynn', '2022-10-19 09:32:07', '950', 'DÉBITO');
insert into tarjeta (numero, curp, titular, vencimiento, ccv, tipo) values ('5048373799426873', 'grew025991laurel88', 'Demetris', '2023-08-21 17:34:41', '415', 'CRÉDITO');
insert into tarjeta (numero, curp, titular, vencimiento, ccv, tipo) values ('5108759376618428', 'ovum048824pushes77', 'Lelah', '2023-05-31 22:13:13', '362', 'CRÉDITO');
insert into tarjeta (numero, curp, titular, vencimiento, ccv, tipo) values ('5108754064887609', 'fern601259bonier87', 'Webster', '2024-11-13 02:46:08', '927', 'DÉBITO');
insert into tarjeta (numero, curp, titular, vencimiento, ccv, tipo) values ('5108757430438155', 'hubs821187teller98', 'Kenna', '2022-04-21 21:34:17', '099', 'CRÉDITO');
insert into tarjeta (numero, curp, titular, vencimiento, ccv, tipo) values ('5108757041602249', 'pies207844busily88', 'Bordy', '2021-10-29 03:16:02', '497', 'CRÉDITO');
insert into tarjeta (numero, curp, titular, vencimiento, ccv, tipo) values ('5108750571990167', 'pens087133derive55', 'Abner', '2025-09-04 07:55:29', '382', 'CRÉDITO');
insert into tarjeta (numero, curp, titular, vencimiento, ccv, tipo) values ('5108756815824369', 'bold436156upbeat82', 'Bond', '2025-03-04 19:39:28', '072', 'CRÉDITO');
insert into tarjeta (numero, curp, titular, vencimiento, ccv, tipo) values ('5048370758763783', 'urns540889poking97', 'Tim', '2020-12-24 19:29:10', '031', 'CRÉDITO');
insert into tarjeta (numero, curp, titular, vencimiento, ccv, tipo) values ('5108758076659047', 'loon359041eights99', 'Roby', '2022-07-08 12:50:32', '120', 'CRÉDITO');
insert into tarjeta (numero, curp, titular, vencimiento, ccv, tipo) values ('5048375324049401', 'grew149974éclair18', 'Neville', '2025-06-21 01:03:59', '346', 'CRÉDITO');
insert into tarjeta (numero, curp, titular, vencimiento, ccv, tipo) values ('5048379497210808', 'oral686060biases88', 'Banky', '2024-07-12 08:52:11', '758', 'DÉBITO');
insert into tarjeta (numero, curp, titular, vencimiento, ccv, tipo) values ('5048370201051778', 'bare655677ridded61', 'Renard', '2025-05-17 04:48:54', '191', 'CRÉDITO');
insert into tarjeta (numero, curp, titular, vencimiento, ccv, tipo) values ('5108751801191360', 'MS''s431985holler41', 'Darb', '2022-08-25 00:05:27', '724', 'DÉBITO');
insert into tarjeta (numero, curp, titular, vencimiento, ccv, tipo) values ('5048375085186236', 'lest178753onuses74', 'Sanson', '2022-06-19 15:51:04', '438', 'CRÉDITO');
insert into tarjeta (numero, curp, titular, vencimiento, ccv, tipo) values ('5108752345124545', 'yell013740tier''s86', 'Hill', '2025-11-01 00:46:46', '275', 'CRÉDITO');
insert into tarjeta (numero, curp, titular, vencimiento, ccv, tipo) values ('5048378918054746', 'amir070922scab''s47', 'Lane', '2021-02-07 21:35:55', '573', 'DÉBITO');
insert into tarjeta (numero, curp, titular, vencimiento, ccv, tipo) values ('5048374330814627', 'zoom040418syrups63', 'Abe', '2022-03-23 05:10:16', '787', 'DÉBITO');
insert into tarjeta (numero, curp, titular, vencimiento, ccv, tipo) values ('5108752417371644', 'plea346258coring90', 'Angelica', '2023-12-02 16:44:39', '165', 'CRÉDITO');
insert into tarjeta (numero, curp, titular, vencimiento, ccv, tipo) values ('5108755988099882', 'test633413braved18', 'Goldarina', '2025-03-06 04:29:50', '114', 'CRÉDITO');
insert into tarjeta (numero, curp, titular, vencimiento, ccv, tipo) values ('5108758355495212', 'mads613746domain14', 'Rosaleen', '2025-11-22 02:58:47', '161', 'CRÉDITO');
insert into tarjeta (numero, curp, titular, vencimiento, ccv, tipo) values ('5108752014105809', 'vast284529goggle69', 'Malchy', '2024-05-16 05:22:22', '909', 'DÉBITO');
insert into tarjeta (numero, curp, titular, vencimiento, ccv, tipo) values ('5108754359141274', 'aped565294tile''s47', 'Linus', '2021-03-21 09:25:39', '866', 'DÉBITO');
insert into tarjeta (numero, curp, titular, vencimiento, ccv, tipo) values ('5048374416054593', 'boys461303plowed87', 'Angil', '2022-03-15 21:42:09', '315', 'CRÉDITO');
insert into tarjeta (numero, curp, titular, vencimiento, ccv, tipo) values ('5048377049942613', 'cute651165helm''s60', 'Laurette', '2022-03-28 10:02:00', '328', 'CRÉDITO');
insert into tarjeta (numero, curp, titular, vencimiento, ccv, tipo) values ('5108754333620997', 'ruby015151ogling47', 'Natalie', '2023-11-21 22:54:48', '816', 'DÉBITO');
insert into tarjeta (numero, curp, titular, vencimiento, ccv, tipo) values ('5108753998932895', 'have060955gauges68', 'Phillipe', '2022-12-09 12:11:34', '755', 'DÉBITO');
insert into tarjeta (numero, curp, titular, vencimiento, ccv, tipo) values ('5048372707495202', 'he''s823738pout''s26', 'Dina', '2024-08-14 15:42:43', '396', 'CRÉDITO');
insert into tarjeta (numero, curp, titular, vencimiento, ccv, tipo) values ('5108755503654484', 'send298277ladder39', 'Cordi', '2022-01-13 18:31:59', '618', 'DÉBITO');
insert into tarjeta (numero, curp, titular, vencimiento, ccv, tipo) values ('5048378426672120', 'dabs286497dearly60', 'Marybelle', '2025-02-12 18:33:53', '816', 'DÉBITO');
insert into tarjeta (numero, curp, titular, vencimiento, ccv, tipo) values ('5048377912946147', 'park503627scythe88', 'Denyse', '2022-05-08 16:59:50', '611', 'DÉBITO');
insert into tarjeta (numero, curp, titular, vencimiento, ccv, tipo) values ('5108754426374973', 'cure318753sacred87', 'Brennan', '2023-12-25 06:40:38', '652', 'DÉBITO');
insert into tarjeta (numero, curp, titular, vencimiento, ccv, tipo) values ('5108755686125013', 'labs168648hearts13', 'Celle', '2021-01-31 11:25:38', '785', 'DÉBITO');
insert into tarjeta (numero, curp, titular, vencimiento, ccv, tipo) values ('5048379372044678', 'meat596882styles68', 'Dunc', '2021-07-11 23:23:25', '958', 'DÉBITO');
insert into tarjeta (numero, curp, titular, vencimiento, ccv, tipo) values ('5108754217522384', 'wrap595192last''s16', 'Avram', '2022-09-22 17:12:59', '750', 'DÉBITO');
insert into tarjeta (numero, curp, titular, vencimiento, ccv, tipo) values ('5108754214448898', 'tugs179614hostel14', 'Karee', '2023-05-25 11:44:29', '310', 'CRÉDITO');
insert into tarjeta (numero, curp, titular, vencimiento, ccv, tipo) values ('5108757543475664', 'know125848derail53', 'Melvyn', '2021-08-22 16:39:53', '355', 'CRÉDITO');
insert into tarjeta (numero, curp, titular, vencimiento, ccv, tipo) values ('5048375268849212', 'send679057knifes67', 'Valentino', '2025-10-03 02:55:32', '926', 'DÉBITO');
insert into tarjeta (numero, curp, titular, vencimiento, ccv, tipo) values ('5048373663557605', 'pact632800cluing51', 'Susette', '2025-04-08 00:50:35', '039', 'CRÉDITO');
insert into tarjeta (numero, curp, titular, vencimiento, ccv, tipo) values ('5108752833335934', 'hymn820996censor83', 'Cissiee', '2024-10-21 00:41:17', '284', 'CRÉDITO');
insert into tarjeta (numero, curp, titular, vencimiento, ccv, tipo) values ('5048379335798808', 'reds360362lazier19', 'Marcellus', '2024-02-18 23:05:09', '843', 'DÉBITO');
insert into tarjeta (numero, curp, titular, vencimiento, ccv, tipo) values ('5048370911900025', 'dung247711fogy''s05', 'Carley', '2023-10-24 19:01:12', '277', 'CRÉDITO');
insert into tarjeta (numero, curp, titular, vencimiento, ccv, tipo) values ('5108759949445101', 'gone637910behave25', 'Skipper', '2024-07-06 15:46:47', '791', 'DÉBITO');
insert into tarjeta (numero, curp, titular, vencimiento, ccv, tipo) values ('5108758580020744', 'pram401029fumble81', 'Jabez', '2022-04-04 22:50:32', '077', 'CRÉDITO');
insert into tarjeta (numero, curp, titular, vencimiento, ccv, tipo) values ('5048376957887349', 'lump319403jostle73', 'Maddy', '2024-12-31 19:38:56', '829', 'DÉBITO');
insert into tarjeta (numero, curp, titular, vencimiento, ccv, tipo) values ('5108753325242802', 'tart083760etched04', 'Karlan', '2024-12-20 18:33:08', '626', 'DÉBITO');
insert into tarjeta (numero, curp, titular, vencimiento, ccv, tipo) values ('5048378852357014', 'path926323preens58', 'Candi', '2023-01-31 03:57:24', '784', 'DÉBITO');
insert into tarjeta (numero, curp, titular, vencimiento, ccv, tipo) values ('5048379897204500', 'alas545356lime''s50', 'Birgitta', '2022-06-29 04:35:14', '486', 'CRÉDITO');
insert into tarjeta (numero, curp, titular, vencimiento, ccv, tipo) values ('5108757531061815', 'wash814528bastes87', 'Keith', '2022-09-13 01:09:03', '369', 'CRÉDITO');
insert into tarjeta (numero, curp, titular, vencimiento, ccv, tipo) values ('5048379669875883', 'tuck458487rating04', 'Jameson', '2021-07-16 11:34:08', '463', 'CRÉDITO');
insert into tarjeta (numero, curp, titular, vencimiento, ccv, tipo) values ('5048371771348156', 'book103947sneaks17', 'Marlon', '2023-12-26 12:35:49', '438', 'CRÉDITO');
insert into tarjeta (numero, curp, titular, vencimiento, ccv, tipo) values ('5108750331076679', 'lids674827fuel''s77', 'Hebert', '2024-06-23 12:01:17', '124', 'CRÉDITO');
insert into tarjeta (numero, curp, titular, vencimiento, ccv, tipo) values ('5048378264231021', 'cape031683debuts02', 'Lucho', '2021-11-11 02:25:12', '876', 'DÉBITO');
insert into tarjeta (numero, curp, titular, vencimiento, ccv, tipo) values ('5048377066293429', 'wall188631wrings95', 'Michal', '2021-02-26 01:02:31', '804', 'DÉBITO');
insert into tarjeta (numero, curp, titular, vencimiento, ccv, tipo) values ('5048371456743358', 'lust008423heifer17', 'Rona', '2023-11-18 15:13:44', '199', 'CRÉDITO');
insert into tarjeta (numero, curp, titular, vencimiento, ccv, tipo) values ('5048377166835988', 'knee105683wirier09', 'Sophronia', '2021-03-08 12:44:26', '072', 'CRÉDITO');
insert into tarjeta (numero, curp, titular, vencimiento, ccv, tipo) values ('5108752745107652', 'ooze534266depart13', 'Gabriele', '2023-02-01 12:43:39', '227', 'CRÉDITO');
insert into tarjeta (numero, curp, titular, vencimiento, ccv, tipo) values ('5048379362863996', 'avow162546weaves19', 'Carol-jean', '2022-02-09 15:01:05', '971', 'DÉBITO');
insert into tarjeta (numero, curp, titular, vencimiento, ccv, tipo) values ('5048379793835571', 'blew876717struck93', 'Dana', '2023-04-19 00:19:21', '508', 'DÉBITO');
insert into tarjeta (numero, curp, titular, vencimiento, ccv, tipo) values ('5108759632222395', 'heir003329elopes84', 'Bert', '2025-06-05 08:53:30', '427', 'CRÉDITO');
insert into tarjeta (numero, curp, titular, vencimiento, ccv, tipo) values ('5108751226838173', 'gust352016stayed96', 'Jens', '2022-05-04 07:23:00', '947', 'DÉBITO');
insert into tarjeta (numero, curp, titular, vencimiento, ccv, tipo) values ('5048374299073181', 'ices997323dupe''s76', 'Iver', '2025-05-08 03:02:12', '034', 'CRÉDITO');
insert into tarjeta (numero, curp, titular, vencimiento, ccv, tipo) values ('5108756819077105', 'loan153047scours50', 'Durward', '2025-10-15 23:33:18', '864', 'DÉBITO');
insert into tarjeta (numero, curp, titular, vencimiento, ccv, tipo) values ('5108753368103341', 'fret940725donuts63', 'Ernst', '2022-08-01 15:14:55', '322', 'CRÉDITO');
insert into tarjeta (numero, curp, titular, vencimiento, ccv, tipo) values ('5108752493958165', 'kelp795000lazied08', 'Selie', '2024-03-24 15:17:40', '726', 'DÉBITO');
insert into tarjeta (numero, curp, titular, vencimiento, ccv, tipo) values ('5108758892282511', 'ouch671160curves56', 'Rolf', '2025-09-30 17:53:11', '153', 'CRÉDITO');
insert into tarjeta (numero, curp, titular, vencimiento, ccv, tipo) values ('5108751631029533', 'user291615spew''s88', 'Lawton', '2025-10-11 21:18:17', '737', 'DÉBITO');
insert into tarjeta (numero, curp, titular, vencimiento, ccv, tipo) values ('5048371361290420', 'crux252832stared81', 'Heriberto', '2024-09-23 03:49:56', '557', 'DÉBITO');
insert into tarjeta (numero, curp, titular, vencimiento, ccv, tipo) values ('5108758624203587', 'shut840080curves21', 'Sly', '2025-08-05 04:52:14', '094', 'CRÉDITO');
insert into tarjeta (numero, curp, titular, vencimiento, ccv, tipo) values ('5108758298939821', 'fine569673incest46', 'Angel', '2024-08-06 20:11:02', '755', 'DÉBITO');
insert into tarjeta (numero, curp, titular, vencimiento, ccv, tipo) values ('5048372687867214', 'ores449124failed29', 'Tobe', '2025-03-03 07:10:35', '780', 'DÉBITO');
insert into tarjeta (numero, curp, titular, vencimiento, ccv, tipo) values ('5108750044282077', 'go''s692244relied09', 'Leonardo', '2025-12-07 00:50:35', '516', 'DÉBITO');
insert into tarjeta (numero, curp, titular, vencimiento, ccv, tipo) values ('5108750096814181', 'year845382greens37', 'Tobie', '2024-12-07 05:01:19', '808', 'DÉBITO');
insert into tarjeta (numero, curp, titular, vencimiento, ccv, tipo) values ('5108758894529265', 'teas835630poured24', 'Corey', '2023-07-18 05:57:11', '170', 'CRÉDITO');
insert into tarjeta (numero, curp, titular, vencimiento, ccv, tipo) values ('5108755859386657', 'blur469967jumper12', 'Channa', '2024-03-13 08:03:24', '407', 'CRÉDITO');
insert into tarjeta (numero, curp, titular, vencimiento, ccv, tipo) values ('5108754416554097', 'mush692558glared88', 'Celinka', '2021-10-08 18:11:37', '617', 'DÉBITO');

insert into pedido (idPedido, curp, fecha, hora) values ('483703777651678168', 'gyms221925renege81', '2024-03-30 05:09:47', '05:09:47');
insert into pedido (idPedido, curp, fecha, hora) values ('077081674832356498', 'shut723875delete41', '2025-10-29 12:24:14', '12:24:14');
insert into pedido (idPedido, curp, fecha, hora) values ('831706555076415584', 'grab719350cursed85', '2027-01-08 00:32:44', '00:32:44');
insert into pedido (idPedido, curp, fecha, hora) values ('613215633531442177', 'sewn354050wanted19', '2021-12-15 17:03:06', '17:03:06');
insert into pedido (idPedido, curp, fecha, hora) values ('088557698783804192', 'meat825566adjust44', '2026-04-29 00:55:48', '00:55:48');
insert into pedido (idPedido, curp, fecha, hora) values ('738975017785446863', 'toll581519dogged76', '2026-01-19 19:54:26', '19:54:26');
insert into pedido (idPedido, curp, fecha, hora) values ('014171600766571981', 'molt335949logger89', '2020-12-19 07:34:28', '07:34:28');
insert into pedido (idPedido, curp, fecha, hora) values ('587278575581239795', 'vans014208folder88', '2028-11-23 18:25:53', '18:25:53');
insert into pedido (idPedido, curp, fecha, hora) values ('833444027640802458', 'wipe870086flocks65', '2027-12-15 04:18:44', '04:18:44');
insert into pedido (idPedido, curp, fecha, hora) values ('736395746775098584', 'jump322421seamed53', '2025-09-12 22:57:09', '22:57:09');
insert into pedido (idPedido, curp, fecha, hora) values ('826501427889582021', 'true668029laying06', '2029-03-12 20:11:23', '20:11:23');
insert into pedido (idPedido, curp, fecha, hora) values ('760841793589417475', 'womb306727chokes85', '2021-02-20 08:39:27', '08:39:27');
insert into pedido (idPedido, curp, fecha, hora) values ('824399944386013865', 'knew729866births54', '2021-04-07 16:03:28', '16:03:28');
insert into pedido (idPedido, curp, fecha, hora) values ('327682823745510798', 'raps555989vine''s11', '2026-08-06 20:36:47', '20:36:47');
insert into pedido (idPedido, curp, fecha, hora) values ('939115484597582872', 'if''s792641idling26', '2022-11-15 05:14:18', '05:14:18');
insert into pedido (idPedido, curp, fecha, hora) values ('777561757916484830', 'arid283999panics93', '2021-06-18 10:09:51', '10:09:51');
insert into pedido (idPedido, curp, fecha, hora) values ('125843786262010017', 'slip819260miring70', '2022-08-17 15:59:49', '15:59:49');
insert into pedido (idPedido, curp, fecha, hora) values ('453712667591229757', 'soli052586server47', '2023-01-09 11:12:04', '11:12:04');
insert into pedido (idPedido, curp, fecha, hora) values ('957238918128505279', 'airs089958poet''s56', '2020-12-22 12:28:02', '12:28:02');
insert into pedido (idPedido, curp, fecha, hora) values ('239937789087687611', 'lips540883unborn44', '2023-05-08 08:26:04', '08:26:04');
insert into pedido (idPedido, curp, fecha, hora) values ('822000515348665978', 'lime765581band''s30', '2028-10-03 07:12:54', '07:12:54');
insert into pedido (idPedido, curp, fecha, hora) values ('051022187189299912', 'goof552020ninety78', '2023-08-25 05:31:57', '05:31:57');
insert into pedido (idPedido, curp, fecha, hora) values ('139381719735319626', 'oafs506426pair''s45', '2028-04-21 00:35:31', '00:35:31');
insert into pedido (idPedido, curp, fecha, hora) values ('446401869864957394', 'runt970321evened11', '2022-01-05 11:49:32', '11:49:32');
insert into pedido (idPedido, curp, fecha, hora) values ('488763229873285863', 'wage382942skulls45', '2023-09-18 11:39:22', '11:39:22');
insert into pedido (idPedido, curp, fecha, hora) values ('855905536821567951', 'grew025991laurel88', '2022-01-06 22:32:35', '22:32:35');
insert into pedido (idPedido, curp, fecha, hora) values ('551743319900200354', 'ovum048824pushes77', '2025-01-31 19:27:10', '19:27:10');
insert into pedido (idPedido, curp, fecha, hora) values ('227437069964158878', 'fern601259bonier87', '2023-11-04 05:53:58', '05:53:58');
insert into pedido (idPedido, curp, fecha, hora) values ('676760683132316842', 'hubs821187teller98', '2029-02-04 06:59:07', '06:59:07');
insert into pedido (idPedido, curp, fecha, hora) values ('715207286812021746', 'pies207844busily88', '2027-02-16 02:38:45', '02:38:45');
insert into pedido (idPedido, curp, fecha, hora) values ('160517679096731804', 'pens087133derive55', '2029-02-11 14:26:56', '14:26:56');
insert into pedido (idPedido, curp, fecha, hora) values ('505219939261681643', 'bold436156upbeat82', '2025-12-02 03:11:30', '03:11:30');
insert into pedido (idPedido, curp, fecha, hora) values ('990347927633002407', 'urns540889poking97', '2029-11-04 09:21:34', '09:21:34');
insert into pedido (idPedido, curp, fecha, hora) values ('103583434547465526', 'loon359041eights99', '2022-05-26 06:05:54', '06:05:54');
insert into pedido (idPedido, curp, fecha, hora) values ('174856675839763060', 'grew149974éclair18', '2028-07-29 10:15:52', '10:15:52');
insert into pedido (idPedido, curp, fecha, hora) values ('654596498119763337', 'oral686060biases88', '2022-08-29 22:49:58', '22:49:58');
insert into pedido (idPedido, curp, fecha, hora) values ('181317964890700909', 'bare655677ridded61', '2024-01-13 13:52:10', '13:52:10');
insert into pedido (idPedido, curp, fecha, hora) values ('282468943231269865', 'MS''s431985holler41', '2022-05-27 20:35:16', '20:35:16');
insert into pedido (idPedido, curp, fecha, hora) values ('692108475889182266', 'lest178753onuses74', '2026-02-12 22:41:19', '22:41:19');
insert into pedido (idPedido, curp, fecha, hora) values ('076829732625697861', 'yell013740tier''s86', '2021-10-17 19:51:23', '19:51:23');
insert into pedido (idPedido, curp, fecha, hora) values ('832553014825311104', 'amir070922scab''s47', '2029-11-20 04:45:58', '04:45:58');
insert into pedido (idPedido, curp, fecha, hora) values ('126765217526568450', 'zoom040418syrups63', '2028-10-27 22:17:23', '22:17:23');
insert into pedido (idPedido, curp, fecha, hora) values ('374822633066060335', 'plea346258coring90', '2027-09-14 02:42:35', '02:42:35');
insert into pedido (idPedido, curp, fecha, hora) values ('276342339391761138', 'test633413braved18', '2021-06-04 07:30:24', '07:30:24');
insert into pedido (idPedido, curp, fecha, hora) values ('296158433848520592', 'mads613746domain14', '2028-05-20 02:28:20', '02:28:20');
insert into pedido (idPedido, curp, fecha, hora) values ('627422481787556518', 'vast284529goggle69', '2028-07-01 07:19:50', '07:19:50');
insert into pedido (idPedido, curp, fecha, hora) values ('232502477463069967', 'aped565294tile''s47', '2022-05-06 04:44:43', '04:44:43');
insert into pedido (idPedido, curp, fecha, hora) values ('300384531145470063', 'boys461303plowed87', '2023-11-07 19:27:02', '19:27:02');
insert into pedido (idPedido, curp, fecha, hora) values ('776127999509988570', 'cute651165helm''s60', '2021-10-30 12:17:38', '12:17:38');
insert into pedido (idPedido, curp, fecha, hora) values ('425835524847354512', 'ruby015151ogling47', '2029-09-12 22:43:43', '22:43:43');
insert into pedido (idPedido, curp, fecha, hora) values ('104817637794454324', 'have060955gauges68', '2024-09-07 12:18:11', '12:18:11');
insert into pedido (idPedido, curp, fecha, hora) values ('421900999327365196', 'he''s823738pout''s26', '2024-03-20 23:18:39', '23:18:39');
insert into pedido (idPedido, curp, fecha, hora) values ('932895885151528931', 'send298277ladder39', '2023-08-19 23:32:03', '23:32:03');
insert into pedido (idPedido, curp, fecha, hora) values ('055760995420670656', 'dabs286497dearly60', '2028-07-11 18:51:27', '18:51:27');
insert into pedido (idPedido, curp, fecha, hora) values ('336980448955559594', 'park503627scythe88', '2021-07-06 02:43:49', '02:43:49');
insert into pedido (idPedido, curp, fecha, hora) values ('561743707453984980', 'cure318753sacred87', '2028-06-27 19:08:23', '19:08:23');
insert into pedido (idPedido, curp, fecha, hora) values ('151802942942541814', 'labs168648hearts13', '2021-03-12 13:20:28', '13:20:28');
insert into pedido (idPedido, curp, fecha, hora) values ('905178176794141151', 'meat596882styles68', '2027-01-19 12:43:35', '12:43:35');
insert into pedido (idPedido, curp, fecha, hora) values ('131162654351179341', 'wrap595192last''s16', '2028-04-20 03:51:50', '03:51:50');
insert into pedido (idPedido, curp, fecha, hora) values ('895073043001941957', 'tugs179614hostel14', '2020-12-22 19:15:46', '19:15:46');
insert into pedido (idPedido, curp, fecha, hora) values ('099006660779742720', 'know125848derail53', '2024-06-22 08:25:21', '08:25:21');
insert into pedido (idPedido, curp, fecha, hora) values ('570751920097998838', 'send679057knifes67', '2029-07-13 08:06:04', '08:06:04');
insert into pedido (idPedido, curp, fecha, hora) values ('460917692807858853', 'pact632800cluing51', '2021-07-10 18:02:53', '18:02:53');
insert into pedido (idPedido, curp, fecha, hora) values ('655263248720323589', 'hymn820996censor83', '2027-05-31 14:17:25', '14:17:25');
insert into pedido (idPedido, curp, fecha, hora) values ('309972655539864127', 'reds360362lazier19', '2023-07-29 02:50:57', '02:50:57');
insert into pedido (idPedido, curp, fecha, hora) values ('310349021177499732', 'dung247711fogy''s05', '2030-01-16 12:17:12', '12:17:12');
insert into pedido (idPedido, curp, fecha, hora) values ('733848534663421621', 'gone637910behave25', '2025-08-27 11:48:06', '11:48:06');
insert into pedido (idPedido, curp, fecha, hora) values ('487936018760226168', 'pram401029fumble81', '2028-01-24 19:14:25', '19:14:25');
insert into pedido (idPedido, curp, fecha, hora) values ('652600240067643440', 'lump319403jostle73', '2023-06-26 06:54:02', '06:54:02');
insert into pedido (idPedido, curp, fecha, hora) values ('518431448094252158', 'tart083760etched04', '2022-09-30 19:59:07', '19:59:07');
insert into pedido (idPedido, curp, fecha, hora) values ('165400459210398479', 'path926323preens58', '2024-03-14 09:33:53', '09:33:53');
insert into pedido (idPedido, curp, fecha, hora) values ('672195129609249622', 'alas545356lime''s50', '2027-12-23 11:36:08', '11:36:08');
insert into pedido (idPedido, curp, fecha, hora) values ('006504747705629459', 'wash814528bastes87', '2023-04-12 10:39:34', '10:39:34');
insert into pedido (idPedido, curp, fecha, hora) values ('885571599911145960', 'tuck458487rating04', '2023-06-03 19:28:46', '19:28:46');
insert into pedido (idPedido, curp, fecha, hora) values ('279176756771315979', 'book103947sneaks17', '2026-11-17 22:33:10', '22:33:10');
insert into pedido (idPedido, curp, fecha, hora) values ('644580462830090105', 'lids674827fuel''s77', '2027-06-11 16:36:53', '16:36:53');
insert into pedido (idPedido, curp, fecha, hora) values ('744888450416454086', 'cape031683debuts02', '2029-07-07 07:27:45', '07:27:45');
insert into pedido (idPedido, curp, fecha, hora) values ('663806000439101767', 'wall188631wrings95', '2026-02-06 07:05:32', '07:05:32');
insert into pedido (idPedido, curp, fecha, hora) values ('622747486755009900', 'lust008423heifer17', '2021-07-31 15:03:59', '15:03:59');
insert into pedido (idPedido, curp, fecha, hora) values ('068031080554052389', 'knee105683wirier09', '2023-07-11 04:54:49', '04:54:49');
insert into pedido (idPedido, curp, fecha, hora) values ('171522732614763180', 'ooze534266depart13', '2023-05-11 22:22:52', '22:22:52');
insert into pedido (idPedido, curp, fecha, hora) values ('935106813896793168', 'avow162546weaves19', '2024-06-20 05:49:03', '05:49:03');
insert into pedido (idPedido, curp, fecha, hora) values ('527764755749576979', 'blew876717struck93', '2022-02-26 20:19:01', '20:19:01');
insert into pedido (idPedido, curp, fecha, hora) values ('220442322888206598', 'heir003329elopes84', '2024-05-31 19:39:51', '19:39:51');
insert into pedido (idPedido, curp, fecha, hora) values ('410787820305208551', 'gust352016stayed96', '2021-12-13 22:22:03', '22:22:03');
insert into pedido (idPedido, curp, fecha, hora) values ('018790788601191708', 'ices997323dupe''s76', '2023-04-11 18:50:39', '18:50:39');
insert into pedido (idPedido, curp, fecha, hora) values ('061091756861559756', 'loan153047scours50', '2028-12-02 20:37:59', '20:37:59');
insert into pedido (idPedido, curp, fecha, hora) values ('715068377975955767', 'fret940725donuts63', '2021-12-06 15:27:01', '15:27:01');
insert into pedido (idPedido, curp, fecha, hora) values ('956557239021534856', 'kelp795000lazied08', '2025-06-22 05:15:07', '05:15:07');
insert into pedido (idPedido, curp, fecha, hora) values ('554796883131897745', 'ouch671160curves56', '2023-10-16 17:22:17', '17:22:17');
insert into pedido (idPedido, curp, fecha, hora) values ('742634088424472215', 'user291615spew''s88', '2028-12-13 08:40:29', '08:40:29');
insert into pedido (idPedido, curp, fecha, hora) values ('821241043002612588', 'crux252832stared81', '2026-08-25 03:10:37', '03:10:37');
insert into pedido (idPedido, curp, fecha, hora) values ('919613974582141076', 'shut840080curves21', '2028-03-01 19:15:39', '19:15:39');
insert into pedido (idPedido, curp, fecha, hora) values ('176175623825772035', 'fine569673incest46', '2028-05-19 05:40:05', '05:40:05');
insert into pedido (idPedido, curp, fecha, hora) values ('872683669005449942', 'ores449124failed29', '2025-01-27 21:51:03', '21:51:03');
insert into pedido (idPedido, curp, fecha, hora) values ('423196577435201027', 'go''s692244relied09', '2021-05-27 23:58:24', '23:58:24');
insert into pedido (idPedido, curp, fecha, hora) values ('230008860946816784', 'year845382greens37', '2027-11-28 16:32:55', '16:32:55');
insert into pedido (idPedido, curp, fecha, hora) values ('710363136821158210', 'teas835630poured24', '2024-04-26 11:50:17', '11:50:17');
insert into pedido (idPedido, curp, fecha, hora) values ('656149461575420849', 'blur469967jumper12', '2026-03-13 14:02:40', '14:02:40');
insert into pedido (idPedido, curp, fecha, hora) values ('379371928613781508', 'mush692558glared88', '2029-11-23 14:51:23', '14:51:23');

insert into express (idEnvio, idPedido, curp, fecha, hora, tiempo, costoExtra, estatus) values ('136346028595181096', '483703777651678168', 'gyms221925renege81', '2024-03-30 05:09:47', '05:09:47', '0:10', 50, 'ENTREGADO');
insert into express (idEnvio, idPedido, curp, fecha, hora, tiempo, costoExtra, estatus) values ('902810783045024289', '077081674832356498', 'shut723875delete41', '2025-10-29 12:24:14', '12:24:14', '14:36', 330, 'EN PROCESO');
insert into express (idEnvio, idPedido, curp, fecha, hora, tiempo, costoExtra, estatus) values ('307086753816301005', '831706555076415584', 'grab719350cursed85', '2027-01-08 00:32:44', '00:32:44', '18:46', 410, 'EN PROCESO');
insert into express (idEnvio, idPedido, curp, fecha, hora, tiempo, costoExtra, estatus) values ('973638709697900928', '613215633531442177', 'sewn354050wanted19', '2021-12-15 17:03:06', '17:03:06', '21:37', 470, 'REPROGRAMADO');
insert into express (idEnvio, idPedido, curp, fecha, hora, tiempo, costoExtra, estatus) values ('551946807974136874', '088557698783804192', 'meat825566adjust44', '2026-04-29 00:55:48', '00:55:48', '20:48', 450, 'EN PROCESO');
insert into express (idEnvio, idPedido, curp, fecha, hora, tiempo, costoExtra, estatus) values ('010290117036262100', '738975017785446863', 'toll581519dogged76', '2026-01-19 19:54:26', '19:54:26', '9:04', 230, 'ENTREGADO');
insert into express (idEnvio, idPedido, curp, fecha, hora, tiempo, costoExtra, estatus) values ('472332667557847894', '014171600766571981', 'molt335949logger89', '2020-12-19 07:34:28', '07:34:28', '19:27', 430, 'EN PROCESO');
insert into express (idEnvio, idPedido, curp, fecha, hora, tiempo, costoExtra, estatus) values ('935813022346157432', '587278575581239795', 'vans014208folder88', '2028-11-23 18:25:53', '18:25:53', '13:17', 310, 'EN PROCESO');
insert into express (idEnvio, idPedido, curp, fecha, hora, tiempo, costoExtra, estatus) values ('744783779339433805', '833444027640802458', 'wipe870086flocks65', '2027-12-15 04:18:44', '04:18:44', '1:55', 70, 'ENTREGADO');
insert into express (idEnvio, idPedido, curp, fecha, hora, tiempo, costoExtra, estatus) values ('451538659975065719', '736395746775098584', 'jump322421seamed53', '2025-09-12 22:57:09', '22:57:09', '1:57', 70, 'ENTREGADO');
insert into express (idEnvio, idPedido, curp, fecha, hora, tiempo, costoExtra, estatus) values ('046767279164441305', '826501427889582021', 'true668029laying06', '2029-03-12 20:11:23', '20:11:23', '0:18', 50, 'ENTREGADO');
insert into express (idEnvio, idPedido, curp, fecha, hora, tiempo, costoExtra, estatus) values ('423033248401367649', '760841793589417475', 'womb306727chokes85', '2021-02-20 08:39:27', '08:39:27', '12:45', 290, 'EN PROCESO');
insert into express (idEnvio, idPedido, curp, fecha, hora, tiempo, costoExtra, estatus) values ('228900759700949255', '824399944386013865', 'knew729866births54', '2021-04-07 16:03:28', '16:03:28', '19:01', 430, 'EN PROCESO');
insert into express (idEnvio, idPedido, curp, fecha, hora, tiempo, costoExtra, estatus) values ('529261677072031686', '327682823745510798', 'raps555989vine''s11', '2026-08-06 20:36:47', '20:36:47', '14:47', 330, 'EN PROCESO');
insert into express (idEnvio, idPedido, curp, fecha, hora, tiempo, costoExtra, estatus) values ('999906159457254665', '939115484597582872', 'if''s792641idling26', '2022-11-15 05:14:18', '05:14:18', '18:41', 410, 'EN PROCESO');
insert into express (idEnvio, idPedido, curp, fecha, hora, tiempo, costoExtra, estatus) values ('272605511237813036', '777561757916484830', 'arid283999panics93', '2021-06-18 10:09:51', '10:09:51', '15:39', 350, 'EN PROCESO');
insert into express (idEnvio, idPedido, curp, fecha, hora, tiempo, costoExtra, estatus) values ('720238764961387134', '125843786262010017', 'slip819260miring70', '2022-08-17 15:59:49', '15:59:49', '17:44', 390, 'EN PROCESO');
insert into express (idEnvio, idPedido, curp, fecha, hora, tiempo, costoExtra, estatus) values ('055776179020373138', '453712667591229757', 'soli052586server47', '2023-01-09 11:12:04', '11:12:04', '16:32', 370, 'EN PROCESO');
insert into express (idEnvio, idPedido, curp, fecha, hora, tiempo, costoExtra, estatus) values ('626842840182758741', '957238918128505279', 'airs089958poet''s56', '2020-12-22 12:28:02', '12:28:02', '16:42', 370, 'EN PROCESO');
insert into express (idEnvio, idPedido, curp, fecha, hora, tiempo, costoExtra, estatus) values ('526379490229181806', '239937789087687611', 'lips540883unborn44', '2023-05-08 08:26:04', '08:26:04', '12:22', 290, 'EN PROCESO');
insert into express (idEnvio, idPedido, curp, fecha, hora, tiempo, costoExtra, estatus) values ('279787744247103261', '822000515348665978', 'lime765581band''s30', '2028-10-03 07:12:54', '07:12:54', '14:20', 330, 'EN PROCESO');
insert into express (idEnvio, idPedido, curp, fecha, hora, tiempo, costoExtra, estatus) values ('641671294143432794', '051022187189299912', 'goof552020ninety78', '2023-08-25 05:31:57', '05:31:57', '13:07', 310, 'EN PROCESO');
insert into express (idEnvio, idPedido, curp, fecha, hora, tiempo, costoExtra, estatus) values ('578117627976516688', '139381719735319626', 'oafs506426pair''s45', '2028-04-21 00:35:31', '00:35:31', '16:21', 370, 'EN PROCESO');
insert into express (idEnvio, idPedido, curp, fecha, hora, tiempo, costoExtra, estatus) values ('524440966827042601', '446401869864957394', 'runt970321evened11', '2022-01-05 11:49:32', '11:49:32', '5:37', 150, 'ENTREGADO');
insert into express (idEnvio, idPedido, curp, fecha, hora, tiempo, costoExtra, estatus) values ('423763163639863639', '488763229873285863', 'wage382942skulls45', '2023-09-18 11:39:22', '11:39:22', '10:38', 250, 'ENTREGADO');
insert into express (idEnvio, idPedido, curp, fecha, hora, tiempo, costoExtra, estatus) values ('550570857376971666', '855905536821567951', 'grew025991laurel88', '2022-01-06 22:32:35', '22:32:35', '5:01', 150, 'ENTREGADO');
insert into express (idEnvio, idPedido, curp, fecha, hora, tiempo, costoExtra, estatus) values ('336039096329195311', '551743319900200354', 'ovum048824pushes77', '2025-01-31 19:27:10', '19:27:10', '10:29', 250, 'ENTREGADO');
insert into express (idEnvio, idPedido, curp, fecha, hora, tiempo, costoExtra, estatus) values ('907233876350437014', '227437069964158878', 'fern601259bonier87', '2023-11-04 05:53:58', '05:53:58', '19:28', 430, 'EN PROCESO');
insert into express (idEnvio, idPedido, curp, fecha, hora, tiempo, costoExtra, estatus) values ('675743871991676346', '676760683132316842', 'hubs821187teller98', '2029-02-04 06:59:07', '06:59:07', '3:29', 110, 'ENTREGADO');
insert into express (idEnvio, idPedido, curp, fecha, hora, tiempo, costoExtra, estatus) values ('886083139146180071', '715207286812021746', 'pies207844busily88', '2027-02-16 02:38:45', '02:38:45', '13:32', 310, 'EN PROCESO');
insert into express (idEnvio, idPedido, curp, fecha, hora, tiempo, costoExtra, estatus) values ('403463175439780943', '160517679096731804', 'pens087133derive55', '2029-02-11 14:26:56', '14:26:56', '8:02', 210, 'ENTREGADO');
insert into express (idEnvio, idPedido, curp, fecha, hora, tiempo, costoExtra, estatus) values ('150812756881179051', '505219939261681643', 'bold436156upbeat82', '2025-12-02 03:11:30', '03:11:30', '15:00', 350, 'EN PROCESO');
insert into express (idEnvio, idPedido, curp, fecha, hora, tiempo, costoExtra, estatus) values ('990524471215706200', '990347927633002407', 'urns540889poking97', '2029-11-04 09:21:34', '09:21:34', '20:34', 450, 'EN PROCESO');
insert into express (idEnvio, idPedido, curp, fecha, hora, tiempo, costoExtra, estatus) values ('946736742574599717', '103583434547465526', 'loon359041eights99', '2022-05-26 06:05:54', '06:05:54', '20:26', 450, 'EN PROCESO');
insert into express (idEnvio, idPedido, curp, fecha, hora, tiempo, costoExtra, estatus) values ('937452861816129787', '174856675839763060', 'grew149974éclair18', '2028-07-29 10:15:52', '10:15:52', '5:52', 150, 'ENTREGADO');
insert into express (idEnvio, idPedido, curp, fecha, hora, tiempo, costoExtra, estatus) values ('682799828752169011', '654596498119763337', 'oral686060biases88', '2022-08-29 22:49:58', '22:49:58', '10:27', 250, 'ENTREGADO');
insert into express (idEnvio, idPedido, curp, fecha, hora, tiempo, costoExtra, estatus) values ('543248421985676768', '181317964890700909', 'bare655677ridded61', '2024-01-13 13:52:10', '13:52:10', '6:42', 170, 'ENTREGADO');
insert into express (idEnvio, idPedido, curp, fecha, hora, tiempo, costoExtra, estatus) values ('009949720551410121', '282468943231269865', 'MS''s431985holler41', '2022-05-27 20:35:16', '20:35:16', '17:48', 390, 'EN PROCESO');
insert into express (idEnvio, idPedido, curp, fecha, hora, tiempo, costoExtra, estatus) values ('490508093053051026', '692108475889182266', 'lest178753onuses74', '2026-02-12 22:41:19', '22:41:19', '16:07', 370, 'EN PROCESO');
insert into express (idEnvio, idPedido, curp, fecha, hora, tiempo, costoExtra, estatus) values ('483224386588034412', '076829732625697861', 'yell013740tier''s86', '2021-10-17 19:51:23', '19:51:23', '18:39', 410, 'EN PROCESO');
insert into express (idEnvio, idPedido, curp, fecha, hora, tiempo, costoExtra, estatus) values ('641931657913608538', '832553014825311104', 'amir070922scab''s47', '2029-11-20 04:45:58', '04:45:58', '14:03', 330, 'EN PROCESO');
insert into express (idEnvio, idPedido, curp, fecha, hora, tiempo, costoExtra, estatus) values ('664781564047326557', '126765217526568450', 'zoom040418syrups63', '2028-10-27 22:17:23', '22:17:23', '16:51', 370, 'EN PROCESO');
insert into express (idEnvio, idPedido, curp, fecha, hora, tiempo, costoExtra, estatus) values ('111639870428342362', '374822633066060335', 'plea346258coring90', '2027-09-14 02:42:35', '02:42:35', '20:23', 450, 'EN PROCESO');
insert into express (idEnvio, idPedido, curp, fecha, hora, tiempo, costoExtra, estatus) values ('106340262329163858', '276342339391761138', 'test633413braved18', '2021-06-04 07:30:24', '07:30:24', '16:01', 370, 'EN PROCESO');
insert into express (idEnvio, idPedido, curp, fecha, hora, tiempo, costoExtra, estatus) values ('917391978226492211', '296158433848520592', 'mads613746domain14', '2028-05-20 02:28:20', '02:28:20', '7:05', 190, 'ENTREGADO');
insert into express (idEnvio, idPedido, curp, fecha, hora, tiempo, costoExtra, estatus) values ('130150419420069269', '627422481787556518', 'vast284529goggle69', '2028-07-01 07:19:50', '07:19:50', '21:52', 470, 'REPROGRAMADO');
insert into express (idEnvio, idPedido, curp, fecha, hora, tiempo, costoExtra, estatus) values ('087367721202293491', '232502477463069967', 'aped565294tile''s47', '2022-05-06 04:44:43', '04:44:43', '12:39', 290, 'EN PROCESO');
insert into express (idEnvio, idPedido, curp, fecha, hora, tiempo, costoExtra, estatus) values ('985619194898011890', '300384531145470063', 'boys461303plowed87', '2023-11-07 19:27:02', '19:27:02', '8:36', 210, 'ENTREGADO');
insert into express (idEnvio, idPedido, curp, fecha, hora, tiempo, costoExtra, estatus) values ('811439797593724993', '776127999509988570', 'cute651165helm''s60', '2021-10-30 12:17:38', '12:17:38', '15:33', 350, 'EN PROCESO');
insert into express (idEnvio, idPedido, curp, fecha, hora, tiempo, costoExtra, estatus) values ('682682835368281098', '425835524847354512', 'ruby015151ogling47', '2029-09-12 22:43:43', '22:43:43', '19:02', 430, 'EN PROCESO');
insert into express (idEnvio, idPedido, curp, fecha, hora, tiempo, costoExtra, estatus) values ('975748037822259441', '104817637794454324', 'have060955gauges68', '2024-09-07 12:18:11', '12:18:11', '0:54', 50, 'ENTREGADO');
insert into express (idEnvio, idPedido, curp, fecha, hora, tiempo, costoExtra, estatus) values ('088061148612441270', '421900999327365196', 'he''s823738pout''s26', '2024-03-20 23:18:39', '23:18:39', '18:52', 410, 'EN PROCESO');
insert into express (idEnvio, idPedido, curp, fecha, hora, tiempo, costoExtra, estatus) values ('005707981028852476', '932895885151528931', 'send298277ladder39', '2023-08-19 23:32:03', '23:32:03', '7:23', 190, 'ENTREGADO');
insert into express (idEnvio, idPedido, curp, fecha, hora, tiempo, costoExtra, estatus) values ('448389922313438282', '055760995420670656', 'dabs286497dearly60', '2028-07-11 18:51:27', '18:51:27', '12:29', 290, 'EN PROCESO');
insert into express (idEnvio, idPedido, curp, fecha, hora, tiempo, costoExtra, estatus) values ('421861994765802711', '336980448955559594', 'park503627scythe88', '2021-07-06 02:43:49', '02:43:49', '7:12', 190, 'ENTREGADO');
insert into express (idEnvio, idPedido, curp, fecha, hora, tiempo, costoExtra, estatus) values ('398217412227082154', '561743707453984980', 'cure318753sacred87', '2028-06-27 19:08:23', '19:08:23', '7:19', 190, 'ENTREGADO');
insert into express (idEnvio, idPedido, curp, fecha, hora, tiempo, costoExtra, estatus) values ('280103802593034119', '151802942942541814', 'labs168648hearts13', '2021-03-12 13:20:28', '13:20:28', '16:30', 370, 'EN PROCESO');
insert into express (idEnvio, idPedido, curp, fecha, hora, tiempo, costoExtra, estatus) values ('924021101651259295', '905178176794141151', 'meat596882styles68', '2027-01-19 12:43:35', '12:43:35', '8:55', 210, 'ENTREGADO');
insert into express (idEnvio, idPedido, curp, fecha, hora, tiempo, costoExtra, estatus) values ('919048919660322720', '131162654351179341', 'wrap595192last''s16', '2028-04-20 03:51:50', '03:51:50', '13:29', 310, 'EN PROCESO');
insert into express (idEnvio, idPedido, curp, fecha, hora, tiempo, costoExtra, estatus) values ('385394278035553680', '895073043001941957', 'tugs179614hostel14', '2020-12-22 19:15:46', '19:15:46', '15:27', 350, 'EN PROCESO');
insert into express (idEnvio, idPedido, curp, fecha, hora, tiempo, costoExtra, estatus) values ('318617246835081302', '099006660779742720', 'know125848derail53', '2024-06-22 08:25:21', '08:25:21', '15:51', 350, 'EN PROCESO');
insert into express (idEnvio, idPedido, curp, fecha, hora, tiempo, costoExtra, estatus) values ('127847455800400962', '570751920097998838', 'send679057knifes67', '2029-07-13 08:06:04', '08:06:04', '22:36', 490, 'REPROGRAMADO');
insert into express (idEnvio, idPedido, curp, fecha, hora, tiempo, costoExtra, estatus) values ('932829754336788361', '460917692807858853', 'pact632800cluing51', '2021-07-10 18:02:53', '18:02:53', '5:24', 150, 'ENTREGADO');
insert into express (idEnvio, idPedido, curp, fecha, hora, tiempo, costoExtra, estatus) values ('218528874431797698', '655263248720323589', 'hymn820996censor83', '2027-05-31 14:17:25', '14:17:25', '12:16', 290, 'EN PROCESO');
insert into express (idEnvio, idPedido, curp, fecha, hora, tiempo, costoExtra, estatus) values ('163733395628685226', '309972655539864127', 'reds360362lazier19', '2023-07-29 02:50:57', '02:50:57', '7:34', 190, 'ENTREGADO');
insert into express (idEnvio, idPedido, curp, fecha, hora, tiempo, costoExtra, estatus) values ('856458774814288350', '310349021177499732', 'dung247711fogy''s05', '2030-01-16 12:17:12', '12:17:12', '7:00', 190, 'ENTREGADO');
insert into express (idEnvio, idPedido, curp, fecha, hora, tiempo, costoExtra, estatus) values ('350625391956483620', '733848534663421621', 'gone637910behave25', '2025-08-27 11:48:06', '11:48:06', '14:37', 330, 'EN PROCESO');
insert into express (idEnvio, idPedido, curp, fecha, hora, tiempo, costoExtra, estatus) values ('987048592224731974', '487936018760226168', 'pram401029fumble81', '2028-01-24 19:14:25', '19:14:25', '23:49', 510, 'REPROGRAMADO');
insert into express (idEnvio, idPedido, curp, fecha, hora, tiempo, costoExtra, estatus) values ('451937125332533680', '652600240067643440', 'lump319403jostle73', '2023-06-26 06:54:02', '06:54:02', '20:28', 450, 'EN PROCESO');
insert into express (idEnvio, idPedido, curp, fecha, hora, tiempo, costoExtra, estatus) values ('880231772594937656', '518431448094252158', 'tart083760etched04', '2022-09-30 19:59:07', '19:59:07', '19:46', 430, 'EN PROCESO');
insert into express (idEnvio, idPedido, curp, fecha, hora, tiempo, costoExtra, estatus) values ('113299644297077744', '165400459210398479', 'path926323preens58', '2024-03-14 09:33:53', '09:33:53', '22:20', 490, 'REPROGRAMADO');
insert into express (idEnvio, idPedido, curp, fecha, hora, tiempo, costoExtra, estatus) values ('684301456095193541', '672195129609249622', 'alas545356lime''s50', '2027-12-23 11:36:08', '11:36:08', '1:11', 70, 'ENTREGADO');
insert into express (idEnvio, idPedido, curp, fecha, hora, tiempo, costoExtra, estatus) values ('003552815518509417', '006504747705629459', 'wash814528bastes87', '2023-04-12 10:39:34', '10:39:34', '8:34', 210, 'ENTREGADO');
insert into express (idEnvio, idPedido, curp, fecha, hora, tiempo, costoExtra, estatus) values ('787292829540396020', '885571599911145960', 'tuck458487rating04', '2023-06-03 19:28:46', '19:28:46', '22:22', 490, 'REPROGRAMADO');
insert into express (idEnvio, idPedido, curp, fecha, hora, tiempo, costoExtra, estatus) values ('409572880806623308', '279176756771315979', 'book103947sneaks17', '2026-11-17 22:33:10', '22:33:10', '19:51', 430, 'EN PROCESO');
insert into express (idEnvio, idPedido, curp, fecha, hora, tiempo, costoExtra, estatus) values ('275039959108873402', '644580462830090105', 'lids674827fuel''s77', '2027-06-11 16:36:53', '16:36:53', '15:56', 350, 'EN PROCESO');
insert into express (idEnvio, idPedido, curp, fecha, hora, tiempo, costoExtra, estatus) values ('009320833191343801', '744888450416454086', 'cape031683debuts02', '2029-07-07 07:27:45', '07:27:45', '9:21', 230, 'ENTREGADO');
insert into express (idEnvio, idPedido, curp, fecha, hora, tiempo, costoExtra, estatus) values ('865482938626739709', '663806000439101767', 'wall188631wrings95', '2026-02-06 07:05:32', '07:05:32', '22:23', 490, 'REPROGRAMADO');
insert into express (idEnvio, idPedido, curp, fecha, hora, tiempo, costoExtra, estatus) values ('570141482220589181', '622747486755009900', 'lust008423heifer17', '2021-07-31 15:03:59', '15:03:59', '2:53', 90, 'ENTREGADO');
insert into express (idEnvio, idPedido, curp, fecha, hora, tiempo, costoExtra, estatus) values ('168806182372380218', '068031080554052389', 'knee105683wirier09', '2023-07-11 04:54:49', '04:54:49', '19:44', 430, 'EN PROCESO');
insert into express (idEnvio, idPedido, curp, fecha, hora, tiempo, costoExtra, estatus) values ('511488173050687882', '171522732614763180', 'ooze534266depart13', '2023-05-11 22:22:52', '22:22:52', '18:31', 410, 'EN PROCESO');
insert into express (idEnvio, idPedido, curp, fecha, hora, tiempo, costoExtra, estatus) values ('253395049238951024', '935106813896793168', 'avow162546weaves19', '2024-06-20 05:49:03', '05:49:03', '10:30', 250, 'ENTREGADO');
insert into express (idEnvio, idPedido, curp, fecha, hora, tiempo, costoExtra, estatus) values ('865216458221408025', '527764755749576979', 'blew876717struck93', '2022-02-26 20:19:01', '20:19:01', '17:30', 390, 'EN PROCESO');
insert into express (idEnvio, idPedido, curp, fecha, hora, tiempo, costoExtra, estatus) values ('657394580668389801', '220442322888206598', 'heir003329elopes84', '2024-05-31 19:39:51', '19:39:51', '23:30', 510, 'REPROGRAMADO');
insert into express (idEnvio, idPedido, curp, fecha, hora, tiempo, costoExtra, estatus) values ('192968768569644419', '410787820305208551', 'gust352016stayed96', '2021-12-13 22:22:03', '22:22:03', '1:30', 70, 'ENTREGADO');
insert into express (idEnvio, idPedido, curp, fecha, hora, tiempo, costoExtra, estatus) values ('162986426937104729', '018790788601191708', 'ices997323dupe''s76', '2023-04-11 18:50:39', '18:50:39', '4:08', 130, 'ENTREGADO');
insert into express (idEnvio, idPedido, curp, fecha, hora, tiempo, costoExtra, estatus) values ('236357462283467138', '061091756861559756', 'loan153047scours50', '2028-12-02 20:37:59', '20:37:59', '14:00', 330, 'EN PROCESO');
insert into express (idEnvio, idPedido, curp, fecha, hora, tiempo, costoExtra, estatus) values ('163101905834196296', '715068377975955767', 'fret940725donuts63', '2021-12-06 15:27:01', '15:27:01', '23:27', 510, 'REPROGRAMADO');
insert into express (idEnvio, idPedido, curp, fecha, hora, tiempo, costoExtra, estatus) values ('218908735257428247', '956557239021534856', 'kelp795000lazied08', '2025-06-22 05:15:07', '05:15:07', '13:41', 310, 'EN PROCESO');
insert into express (idEnvio, idPedido, curp, fecha, hora, tiempo, costoExtra, estatus) values ('223649197365932430', '554796883131897745', 'ouch671160curves56', '2023-10-16 17:22:17', '17:22:17', '7:25', 190, 'ENTREGADO');
insert into express (idEnvio, idPedido, curp, fecha, hora, tiempo, costoExtra, estatus) values ('908169432354886188', '742634088424472215', 'user291615spew''s88', '2028-12-13 08:40:29', '08:40:29', '20:57', 450, 'EN PROCESO');
insert into express (idEnvio, idPedido, curp, fecha, hora, tiempo, costoExtra, estatus) values ('896467909832624662', '821241043002612588', 'crux252832stared81', '2026-08-25 03:10:37', '03:10:37', '20:23', 450, 'EN PROCESO');
insert into express (idEnvio, idPedido, curp, fecha, hora, tiempo, costoExtra, estatus) values ('134173343107580829', '919613974582141076', 'shut840080curves21', '2028-03-01 19:15:39', '19:15:39', '12:56', 290, 'EN PROCESO');
insert into express (idEnvio, idPedido, curp, fecha, hora, tiempo, costoExtra, estatus) values ('030407799535371181', '176175623825772035', 'fine569673incest46', '2028-05-19 05:40:05', '05:40:05', '18:07', 410, 'EN PROCESO');
insert into express (idEnvio, idPedido, curp, fecha, hora, tiempo, costoExtra, estatus) values ('423059186469774082', '872683669005449942', 'ores449124failed29', '2025-01-27 21:51:03', '21:51:03', '13:25', 310, 'EN PROCESO');
insert into express (idEnvio, idPedido, curp, fecha, hora, tiempo, costoExtra, estatus) values ('670771445694735209', '423196577435201027', 'go''s692244relied09', '2021-05-27 23:58:24', '23:58:24', '18:58', 410, 'EN PROCESO');
insert into express (idEnvio, idPedido, curp, fecha, hora, tiempo, costoExtra, estatus) values ('570933260345838476', '230008860946816784', 'year845382greens37', '2027-11-28 16:32:55', '16:32:55', '5:51', 150, 'ENTREGADO');
insert into express (idEnvio, idPedido, curp, fecha, hora, tiempo, costoExtra, estatus) values ('784804466502079928', '710363136821158210', 'teas835630poured24', '2024-04-26 11:50:17', '11:50:17', '16:39', 370, 'EN PROCESO');
insert into express (idEnvio, idPedido, curp, fecha, hora, tiempo, costoExtra, estatus) values ('359540510197525352', '656149461575420849', 'blur469967jumper12', '2026-03-13 14:02:40', '14:02:40', '22:06', 490, 'REPROGRAMADO');
insert into express (idEnvio, idPedido, curp, fecha, hora, tiempo, costoExtra, estatus) values ('853998170029329394', '379371928613781508', 'mush692558glared88', '2029-11-23 14:51:23', '14:51:23', '8:35', 210, 'ENTREGADO');

insert into normal (idEnvio, idPedido, curp, fecha, hora, estatus) values ('286122249024708070', '483703777651678168', 'gyms221925renege81', '2024-04-30', '14:34:10', 'EN PROCESO');
insert into normal (idEnvio, idPedido, curp, fecha, hora, estatus) values ('848659596346079903', '077081674832356498', 'shut723875delete41', '2025-11-29', '9:47:18', 'ENTREGADO');
insert into normal (idEnvio, idPedido, curp, fecha, hora, estatus) values ('902425001029264107', '831706555076415584', 'grab719350cursed85', '2027-02-08', '10:38:57', 'ENTREGADO');
insert into normal (idEnvio, idPedido, curp, fecha, hora, estatus) values ('385267930683595694', '613215633531442177', 'sewn354050wanted19', '2022-01-15', '16:40:24', 'EN PROCESO');
insert into normal (idEnvio, idPedido, curp, fecha, hora, estatus) values ('675813460239504404', '088557698783804192', 'meat825566adjust44', '2026-05-29', '19:38:16', 'REPROGRAMADO');
insert into normal (idEnvio, idPedido, curp, fecha, hora, estatus) values ('617297381037955611', '738975017785446863', 'toll581519dogged76', '2026-02-19', '18:06:32', 'REPROGRAMADO');
insert into normal (idEnvio, idPedido, curp, fecha, hora, estatus) values ('296858175305654792', '014171600766571981', 'molt335949logger89', '2021-01-19', '13:34:39', 'EN PROCESO');
insert into normal (idEnvio, idPedido, curp, fecha, hora, estatus) values ('309960546228621287', '587278575581239795', 'vans014208folder88', '2028-12-23', '14:31:47', 'EN PROCESO');
insert into normal (idEnvio, idPedido, curp, fecha, hora, estatus) values ('850195365667777207', '833444027640802458', 'wipe870086flocks65', '2028-01-15', '14:55:46', 'EN PROCESO');
insert into normal (idEnvio, idPedido, curp, fecha, hora, estatus) values ('612634550996994819', '736395746775098584', 'jump322421seamed53', '2025-10-12', '18:45:52', 'REPROGRAMADO');
insert into normal (idEnvio, idPedido, curp, fecha, hora, estatus) values ('422104805580713936', '826501427889582021', 'true668029laying06', '2029-04-12', '11:27:51', 'EN PROCESO');
insert into normal (idEnvio, idPedido, curp, fecha, hora, estatus) values ('677406579869976527', '760841793589417475', 'womb306727chokes85', '2021-03-20', '15:14:28', 'EN PROCESO');
insert into normal (idEnvio, idPedido, curp, fecha, hora, estatus) values ('345651827334430204', '824399944386013865', 'knew729866births54', '2021-05-07', '16:19:35', 'EN PROCESO');
insert into normal (idEnvio, idPedido, curp, fecha, hora, estatus) values ('065614594761542553', '327682823745510798', 'raps555989vine''s11', '2026-09-06', '9:12:14', 'ENTREGADO');
insert into normal (idEnvio, idPedido, curp, fecha, hora, estatus) values ('651483268880612813', '939115484597582872', 'if''s792641idling26', '2022-12-15', '15:53:58', 'EN PROCESO');
insert into normal (idEnvio, idPedido, curp, fecha, hora, estatus) values ('998502357251953905', '777561757916484830', 'arid283999panics93', '2021-07-18', '16:08:51', 'EN PROCESO');
insert into normal (idEnvio, idPedido, curp, fecha, hora, estatus) values ('449763234460322808', '125843786262010017', 'slip819260miring70', '2022-09-17', '10:20:32', 'ENTREGADO');
insert into normal (idEnvio, idPedido, curp, fecha, hora, estatus) values ('925672507114703266', '453712667591229757', 'soli052586server47', '2023-02-09', '18:44:48', 'REPROGRAMADO');
insert into normal (idEnvio, idPedido, curp, fecha, hora, estatus) values ('749794575103618810', '957238918128505279', 'airs089958poet''s56', '2021-01-22', '16:14:40', 'EN PROCESO');
insert into normal (idEnvio, idPedido, curp, fecha, hora, estatus) values ('019108733455804422', '239937789087687611', 'lips540883unborn44', '2023-06-08', '14:35:34', 'EN PROCESO');
insert into normal (idEnvio, idPedido, curp, fecha, hora, estatus) values ('258405243793789212', '822000515348665978', 'lime765581band''s30', '2028-11-03', '18:45:09', 'REPROGRAMADO');
insert into normal (idEnvio, idPedido, curp, fecha, hora, estatus) values ('302662781883748224', '051022187189299912', 'goof552020ninety78', '2023-09-25', '10:24:03', 'ENTREGADO');
insert into normal (idEnvio, idPedido, curp, fecha, hora, estatus) values ('572819688244064321', '139381719735319626', 'oafs506426pair''s45', '2028-05-21', '9:07:26', 'ENTREGADO');
insert into normal (idEnvio, idPedido, curp, fecha, hora, estatus) values ('630459991805918432', '446401869864957394', 'runt970321evened11', '2022-02-05', '14:30:32', 'EN PROCESO');
insert into normal (idEnvio, idPedido, curp, fecha, hora, estatus) values ('511410061070137593', '488763229873285863', 'wage382942skulls45', '2023-10-18', '10:40:07', 'ENTREGADO');
insert into normal (idEnvio, idPedido, curp, fecha, hora, estatus) values ('163420237031100810', '855905536821567951', 'grew025991laurel88', '2022-02-06', '9:34:55', 'ENTREGADO');
insert into normal (idEnvio, idPedido, curp, fecha, hora, estatus) values ('467460297495288978', '551743319900200354', 'ovum048824pushes77', '2025-02-28', '13:32:50', 'EN PROCESO');
insert into normal (idEnvio, idPedido, curp, fecha, hora, estatus) values ('549659145772611220', '227437069964158878', 'fern601259bonier87', '2023-12-04', '14:44:16', 'EN PROCESO');
insert into normal (idEnvio, idPedido, curp, fecha, hora, estatus) values ('130872671220330237', '676760683132316842', 'hubs821187teller98', '2029-03-04', '10:58:46', 'ENTREGADO');
insert into normal (idEnvio, idPedido, curp, fecha, hora, estatus) values ('502803964899733092', '715207286812021746', 'pies207844busily88', '2027-03-16', '12:54:22', 'EN PROCESO');
insert into normal (idEnvio, idPedido, curp, fecha, hora, estatus) values ('789735489462589888', '160517679096731804', 'pens087133derive55', '2029-03-11', '19:28:12', 'REPROGRAMADO');
insert into normal (idEnvio, idPedido, curp, fecha, hora, estatus) values ('562842540338178668', '505219939261681643', 'bold436156upbeat82', '2026-01-02', '18:00:36', 'REPROGRAMADO');
insert into normal (idEnvio, idPedido, curp, fecha, hora, estatus) values ('127919883343424608', '990347927633002407', 'urns540889poking97', '2029-12-04', '17:22:44', 'REPROGRAMADO');
insert into normal (idEnvio, idPedido, curp, fecha, hora, estatus) values ('889886034373532995', '103583434547465526', 'loon359041eights99', '2022-06-26', '17:35:34', 'REPROGRAMADO');
insert into normal (idEnvio, idPedido, curp, fecha, hora, estatus) values ('546078450673724848', '174856675839763060', 'grew149974éclair18', '2028-08-29', '13:18:50', 'EN PROCESO');
insert into normal (idEnvio, idPedido, curp, fecha, hora, estatus) values ('193549340089628120', '654596498119763337', 'oral686060biases88', '2022-09-29', '14:42:19', 'EN PROCESO');
insert into normal (idEnvio, idPedido, curp, fecha, hora, estatus) values ('314812932185104185', '181317964890700909', 'bare655677ridded61', '2024-02-13', '15:41:00', 'EN PROCESO');
insert into normal (idEnvio, idPedido, curp, fecha, hora, estatus) values ('390504358698579862', '282468943231269865', 'MS''s431985holler41', '2022-06-27', '18:33:40', 'REPROGRAMADO');
insert into normal (idEnvio, idPedido, curp, fecha, hora, estatus) values ('428357218715932272', '692108475889182266', 'lest178753onuses74', '2026-03-12', '17:27:22', 'REPROGRAMADO');
insert into normal (idEnvio, idPedido, curp, fecha, hora, estatus) values ('020816617783151696', '076829732625697861', 'yell013740tier''s86', '2021-11-17', '14:41:30', 'EN PROCESO');
insert into normal (idEnvio, idPedido, curp, fecha, hora, estatus) values ('467333639800072109', '832553014825311104', 'amir070922scab''s47', '2029-12-20', '18:41:11', 'REPROGRAMADO');
insert into normal (idEnvio, idPedido, curp, fecha, hora, estatus) values ('312402276773509188', '126765217526568450', 'zoom040418syrups63', '2028-11-27', '10:46:08', 'ENTREGADO');
insert into normal (idEnvio, idPedido, curp, fecha, hora, estatus) values ('884502736265953138', '374822633066060335', 'plea346258coring90', '2027-10-14', '13:55:27', 'EN PROCESO');
insert into normal (idEnvio, idPedido, curp, fecha, hora, estatus) values ('553997489808686133', '276342339391761138', 'test633413braved18', '2021-07-04', '12:32:46', 'EN PROCESO');
insert into normal (idEnvio, idPedido, curp, fecha, hora, estatus) values ('743668241072126452', '296158433848520592', 'mads613746domain14', '2028-06-20', '11:35:04', 'EN PROCESO');
insert into normal (idEnvio, idPedido, curp, fecha, hora, estatus) values ('180186505811355153', '627422481787556518', 'vast284529goggle69', '2028-08-01', '13:54:04', 'EN PROCESO');
insert into normal (idEnvio, idPedido, curp, fecha, hora, estatus) values ('150723417000792986', '232502477463069967', 'aped565294tile''s47', '2022-06-06', '14:14:44', 'EN PROCESO');
insert into normal (idEnvio, idPedido, curp, fecha, hora, estatus) values ('861909175576283313', '300384531145470063', 'boys461303plowed87', '2023-12-07', '17:28:39', 'REPROGRAMADO');
insert into normal (idEnvio, idPedido, curp, fecha, hora, estatus) values ('273476912960624501', '776127999509988570', 'cute651165helm''s60', '2021-11-30', '16:31:57', 'EN PROCESO');
insert into normal (idEnvio, idPedido, curp, fecha, hora, estatus) values ('701324132003063780', '425835524847354512', 'ruby015151ogling47', '2029-10-12', '9:49:46', 'ENTREGADO');
insert into normal (idEnvio, idPedido, curp, fecha, hora, estatus) values ('433065245337916433', '104817637794454324', 'have060955gauges68', '2024-10-07', '14:15:59', 'EN PROCESO');
insert into normal (idEnvio, idPedido, curp, fecha, hora, estatus) values ('624061338357269820', '421900999327365196', 'he''s823738pout''s26', '2024-04-20', '8:34:48', 'ENTREGADO');
insert into normal (idEnvio, idPedido, curp, fecha, hora, estatus) values ('722892468153186527', '932895885151528931', 'send298277ladder39', '2023-09-19', '18:15:02', 'REPROGRAMADO');
insert into normal (idEnvio, idPedido, curp, fecha, hora, estatus) values ('617140201033503355', '055760995420670656', 'dabs286497dearly60', '2028-08-11', '17:54:36', 'REPROGRAMADO');
insert into normal (idEnvio, idPedido, curp, fecha, hora, estatus) values ('187181829798643122', '336980448955559594', 'park503627scythe88', '2021-08-06', '14:35:14', 'EN PROCESO');
insert into normal (idEnvio, idPedido, curp, fecha, hora, estatus) values ('362773531273123874', '561743707453984980', 'cure318753sacred87', '2028-07-27', '9:45:22', 'ENTREGADO');
insert into normal (idEnvio, idPedido, curp, fecha, hora, estatus) values ('476964899034694047', '151802942942541814', 'labs168648hearts13', '2021-04-12', '10:51:40', 'ENTREGADO');
insert into normal (idEnvio, idPedido, curp, fecha, hora, estatus) values ('576715271831827126', '905178176794141151', 'meat596882styles68', '2027-02-19', '14:09:13', 'EN PROCESO');
insert into normal (idEnvio, idPedido, curp, fecha, hora, estatus) values ('843139698907700363', '131162654351179341', 'wrap595192last''s16', '2028-05-20', '15:00:51', 'EN PROCESO');
insert into normal (idEnvio, idPedido, curp, fecha, hora, estatus) values ('213632584777236547', '895073043001941957', 'tugs179614hostel14', '2021-01-22', '19:16:45', 'REPROGRAMADO');
insert into normal (idEnvio, idPedido, curp, fecha, hora, estatus) values ('374162954506788949', '099006660779742720', 'know125848derail53', '2024-07-22', '19:29:29', 'REPROGRAMADO');
insert into normal (idEnvio, idPedido, curp, fecha, hora, estatus) values ('775378460863125052', '570751920097998838', 'send679057knifes67', '2029-08-13', '13:31:14', 'EN PROCESO');
insert into normal (idEnvio, idPedido, curp, fecha, hora, estatus) values ('592019181127619350', '460917692807858853', 'pact632800cluing51', '2021-08-10', '9:40:51', 'ENTREGADO');
insert into normal (idEnvio, idPedido, curp, fecha, hora, estatus) values ('502636453087145840', '655263248720323589', 'hymn820996censor83', '2027-06-30', '18:45:59', 'REPROGRAMADO');
insert into normal (idEnvio, idPedido, curp, fecha, hora, estatus) values ('892102613000685179', '309972655539864127', 'reds360362lazier19', '2023-08-29', '13:31:51', 'EN PROCESO');
insert into normal (idEnvio, idPedido, curp, fecha, hora, estatus) values ('870517707107138521', '310349021177499732', 'dung247711fogy''s05', '2030-02-16', '18:47:17', 'REPROGRAMADO');
insert into normal (idEnvio, idPedido, curp, fecha, hora, estatus) values ('442506110527920155', '733848534663421621', 'gone637910behave25', '2025-09-27', '8:33:41', 'ENTREGADO');
insert into normal (idEnvio, idPedido, curp, fecha, hora, estatus) values ('129113850087130152', '487936018760226168', 'pram401029fumble81', '2028-02-24', '13:38:58', 'EN PROCESO');
insert into normal (idEnvio, idPedido, curp, fecha, hora, estatus) values ('570918862098897240', '652600240067643440', 'lump319403jostle73', '2023-07-26', '18:07:36', 'REPROGRAMADO');
insert into normal (idEnvio, idPedido, curp, fecha, hora, estatus) values ('553336087944293267', '518431448094252158', 'tart083760etched04', '2022-10-30', '8:43:21', 'ENTREGADO');
insert into normal (idEnvio, idPedido, curp, fecha, hora, estatus) values ('931733063208779986', '165400459210398479', 'path926323preens58', '2024-04-14', '9:12:21', 'ENTREGADO');
insert into normal (idEnvio, idPedido, curp, fecha, hora, estatus) values ('536328280522927858', '672195129609249622', 'alas545356lime''s50', '2028-01-23', '17:20:19', 'REPROGRAMADO');
insert into normal (idEnvio, idPedido, curp, fecha, hora, estatus) values ('740053435195554078', '006504747705629459', 'wash814528bastes87', '2023-05-12', '8:24:10', 'ENTREGADO');
insert into normal (idEnvio, idPedido, curp, fecha, hora, estatus) values ('135986405849225445', '885571599911145960', 'tuck458487rating04', '2023-07-03', '19:13:07', 'REPROGRAMADO');
insert into normal (idEnvio, idPedido, curp, fecha, hora, estatus) values ('382217871622024901', '279176756771315979', 'book103947sneaks17', '2026-12-17', '10:20:51', 'ENTREGADO');
insert into normal (idEnvio, idPedido, curp, fecha, hora, estatus) values ('914738580834044759', '644580462830090105', 'lids674827fuel''s77', '2027-07-11', '13:01:41', 'EN PROCESO');
insert into normal (idEnvio, idPedido, curp, fecha, hora, estatus) values ('613027408340616006', '744888450416454086', 'cape031683debuts02', '2029-08-07', '16:13:59', 'EN PROCESO');
insert into normal (idEnvio, idPedido, curp, fecha, hora, estatus) values ('828068620032728093', '663806000439101767', 'wall188631wrings95', '2026-03-06', '11:05:42', 'EN PROCESO');
insert into normal (idEnvio, idPedido, curp, fecha, hora, estatus) values ('719943055380775062', '622747486755009900', 'lust008423heifer17', '2021-08-31', '14:19:47', 'EN PROCESO');
insert into normal (idEnvio, idPedido, curp, fecha, hora, estatus) values ('213919026244456997', '068031080554052389', 'knee105683wirier09', '2023-08-11', '15:13:56', 'EN PROCESO');
insert into normal (idEnvio, idPedido, curp, fecha, hora, estatus) values ('221506587630722521', '171522732614763180', 'ooze534266depart13', '2023-06-11', '9:42:57', 'ENTREGADO');
insert into normal (idEnvio, idPedido, curp, fecha, hora, estatus) values ('307889911597885543', '935106813896793168', 'avow162546weaves19', '2024-07-20', '17:15:53', 'REPROGRAMADO');
insert into normal (idEnvio, idPedido, curp, fecha, hora, estatus) values ('782813923077741811', '527764755749576979', 'blew876717struck93', '2022-03-26', '13:02:52', 'EN PROCESO');
insert into normal (idEnvio, idPedido, curp, fecha, hora, estatus) values ('341018004356799859', '220442322888206598', 'heir003329elopes84', '2024-06-30', '19:05:43', 'REPROGRAMADO');
insert into normal (idEnvio, idPedido, curp, fecha, hora, estatus) values ('408968715216675150', '410787820305208551', 'gust352016stayed96', '2022-01-13', '15:08:28', 'EN PROCESO');
insert into normal (idEnvio, idPedido, curp, fecha, hora, estatus) values ('353744162818674997', '018790788601191708', 'ices997323dupe''s76', '2023-05-11', '16:41:24', 'EN PROCESO');
insert into normal (idEnvio, idPedido, curp, fecha, hora, estatus) values ('000365272232479848', '061091756861559756', 'loan153047scours50', '2029-01-02', '8:30:33', 'ENTREGADO');
insert into normal (idEnvio, idPedido, curp, fecha, hora, estatus) values ('835873446554445613', '715068377975955767', 'fret940725donuts63', '2022-01-06', '19:10:38', 'REPROGRAMADO');
insert into normal (idEnvio, idPedido, curp, fecha, hora, estatus) values ('029635407368379916', '956557239021534856', 'kelp795000lazied08', '2025-07-22', '10:25:45', 'ENTREGADO');
insert into normal (idEnvio, idPedido, curp, fecha, hora, estatus) values ('797285035283820276', '554796883131897745', 'ouch671160curves56', '2023-11-16', '9:53:13', 'ENTREGADO');
insert into normal (idEnvio, idPedido, curp, fecha, hora, estatus) values ('624199975501219972', '742634088424472215', 'user291615spew''s88', '2029-01-13', '12:53:27', 'EN PROCESO');
insert into normal (idEnvio, idPedido, curp, fecha, hora, estatus) values ('705788867530736861', '821241043002612588', 'crux252832stared81', '2026-09-25', '17:02:36', 'REPROGRAMADO');
insert into normal (idEnvio, idPedido, curp, fecha, hora, estatus) values ('708048406673679778', '919613974582141076', 'shut840080curves21', '2028-04-01', '13:29:05', 'EN PROCESO');
insert into normal (idEnvio, idPedido, curp, fecha, hora, estatus) values ('138305668987342699', '176175623825772035', 'fine569673incest46', '2028-06-19', '10:41:33', 'ENTREGADO');
insert into normal (idEnvio, idPedido, curp, fecha, hora, estatus) values ('338784127219693256', '872683669005449942', 'ores449124failed29', '2025-02-27', '12:51:38', 'EN PROCESO');
insert into normal (idEnvio, idPedido, curp, fecha, hora, estatus) values ('931979463035059929', '423196577435201027', 'go''s692244relied09', '2021-06-27', '17:46:31', 'REPROGRAMADO');
insert into normal (idEnvio, idPedido, curp, fecha, hora, estatus) values ('957846046158753667', '230008860946816784', 'year845382greens37', '2027-12-28', '16:49:09', 'EN PROCESO');
insert into normal (idEnvio, idPedido, curp, fecha, hora, estatus) values ('637595580591062676', '710363136821158210', 'teas835630poured24', '2024-05-26', '8:16:52', 'ENTREGADO');
insert into normal (idEnvio, idPedido, curp, fecha, hora, estatus) values ('824493446154869297', '656149461575420849', 'blur469967jumper12', '2026-04-13', '8:41:33', 'ENTREGADO');
insert into normal (idEnvio, idPedido, curp, fecha, hora, estatus) values ('766430237750810450', '379371928613781508', 'mush692558glared88', '2029-12-23', '15:37:05', 'EN PROCESO');
